
-- phpMyAdmin SQL Dump
-- version 3.5.2.2
-- http://www.phpmyadmin.net
--
-- Host: localhost
-- Generation Time: Jul 19, 2015 at 09:43 PM
-- Server version: 5.1.61
-- PHP Version: 5.2.17

SET SQL_MODE="NO_AUTO_VALUE_ON_ZERO";
SET time_zone = "+00:00";


/*!40101 SET @OLD_CHARACTER_SET_CLIENT=@@CHARACTER_SET_CLIENT */;
/*!40101 SET @OLD_CHARACTER_SET_RESULTS=@@CHARACTER_SET_RESULTS */;
/*!40101 SET @OLD_COLLATION_CONNECTION=@@COLLATION_CONNECTION */;
/*!40101 SET NAMES utf8 */;

--
-- Database: `u331807676_matdb`
--

-- --------------------------------------------------------

--
-- Table structure for table `admin`
--

CREATE TABLE IF NOT EXISTS `admin` (
  `LoginID` varchar(250) NOT NULL DEFAULT '',
  `Password` varchar(250) DEFAULT NULL,
  `AdminEmail` text,
  `AdminEmailPassword` text,
  `smtp` text,
  `ScriptName` text,
  `url` text,
  `smtpstatus` int(11) DEFAULT '0',
  `port` int(11) DEFAULT '0',
  `nochex` varchar(250) DEFAULT NULL,
  `twoco` varchar(250) DEFAULT NULL,
  PRIMARY KEY (`LoginID`)
) ENGINE=MyISAM DEFAULT CHARSET=latin1;

--
-- Dumping data for table `admin`
--

INSERT INTO `admin` (`LoginID`, `Password`, `AdminEmail`, `AdminEmailPassword`, `smtp`, `ScriptName`, `url`, `smtpstatus`, `port`, `nochex`, `twoco`) VALUES
('admin', 'admin', '', '', '', 'FAMM', '', 0, 25, 'Enter Nochex Email here', 'enter 2 checkout Seller ID number here');

-- --------------------------------------------------------

--
-- Table structure for table `cities`
--

CREATE TABLE IF NOT EXISTS `cities` (
  `CityID` bigint(20) NOT NULL AUTO_INCREMENT,
  `CountryID` bigint(20) NOT NULL DEFAULT '0',
  `City` varchar(250) DEFAULT NULL,
  PRIMARY KEY (`CityID`)
) ENGINE=MyISAM  DEFAULT CHARSET=latin1 AUTO_INCREMENT=706 ;

--
-- Dumping data for table `cities`
--

INSERT INTO `cities` (`CityID`, `CountryID`, `City`) VALUES
(1, 1, 'Agra'),
(2, 1, 'Ahmedabad'),
(3, 1, 'Allahabad'),
(4, 1, 'B.R Hills'),
(5, 1, 'Bangalore'),
(6, 1, 'Baroda'),
(7, 1, 'Bhopal'),
(8, 1, 'Bhubaneswar'),
(9, 1, 'Bodhgaya'),
(10, 1, 'Calicut'),
(11, 1, 'Chennai'),
(12, 1, 'Chotanagpur'),
(13, 1, 'Coimbatore'),
(14, 1, 'Dispur'),
(15, 1, 'Ernakulam'),
(16, 1, 'Gandhi Nagar'),
(17, 1, 'Gwalior'),
(18, 1, 'Hyderabad'),
(19, 1, 'Imphal'),
(20, 1, 'Indore'),
(21, 1, 'Itanagar'),
(22, 1, 'Jaipur'),
(23, 1, 'Jhansi'),
(24, 1, 'Kanpur'),
(25, 1, 'Kanya Kumari'),
(26, 1, 'Kundara'),
(27, 1, 'Kochi'),
(28, 1, 'Kolkata'),
(29, 1, 'Lucknow'),
(30, 1, 'Ludhiana'),
(31, 1, 'Mandi'),
(32, 1, 'Mangalore'),
(33, 1, 'Meerut'),
(34, 1, 'Mumbai'),
(35, 1, 'Mysore'),
(36, 1, 'Nagpur'),
(37, 1, 'Nashik'),
(38, 1, 'New Delhi'),
(39, 1, 'Panaji'),
(40, 1, 'Patna'),
(41, 1, 'Pune'),
(42, 1, 'Ranchi'),
(43, 1, 'Shillong'),
(44, 1, 'Shimla'),
(45, 1, 'Srinagar'),
(46, 1, 'Thane'),
(47, 1, 'Thiruvananthapuram'),
(48, 1, 'Tiruchirapalli'),
(49, 1, 'Udaipur'),
(50, 1, 'Vidisha'),
(51, 1, 'Vishakapatnam'),
(52, 2, 'Akron'),
(53, 2, 'Albuquerque'),
(54, 2, 'Anaheim'),
(55, 2, 'Anchorage'),
(56, 2, 'Arlington'),
(57, 2, 'Arlington'),
(58, 2, 'Atlanta'),
(59, 2, 'Augusta-Richmond'),
(60, 2, 'Aurora'),
(61, 2, 'Austin'),
(62, 2, 'Bakersfield'),
(63, 2, 'Baltimore'),
(64, 2, 'Baton Rouge'),
(65, 2, 'Birmingham'),
(66, 2, 'Boise'),
(67, 2, 'Boston'),
(68, 2, 'Buffalo'),
(69, 2, 'Charlotte'),
(70, 2, 'Chesapeake'),
(71, 2, 'Chicago'),
(72, 2, 'Cincinnati'),
(73, 2, 'Cleveland'),
(74, 2, 'Colorado Springs'),
(75, 2, 'Columbus'),
(76, 2, 'Corpus Christi'),
(77, 2, 'Dallas'),
(78, 2, 'Denver'),
(79, 2, 'Des Moines'),
(80, 2, 'Detroit'),
(81, 2, 'Durham'),
(82, 2, 'El Paso'),
(83, 2, 'Fort Wayne'),
(84, 2, 'Fort Worth'),
(85, 2, 'Fremont'),
(86, 2, 'Fresno'),
(87, 2, 'Garland'),
(88, 2, 'Glendale'),
(89, 2, 'Glendale'),
(90, 2, 'Grand Rapids'),
(91, 2, 'Greensboro'),
(92, 2, 'Hialeah'),
(93, 2, 'Honolulu'),
(94, 2, 'Houston'),
(95, 2, 'Huntington Beach'),
(96, 2, 'Indianapolis'),
(97, 2, 'Irving'),
(98, 2, 'Jersey City'),
(99, 2, 'Kansas City'),
(100, 2, 'Las Vegas'),
(101, 2, 'Lexington-Fayette'),
(102, 2, 'Lincoln'),
(103, 2, 'Long Beach'),
(104, 2, 'Los Angeles'),
(105, 2, 'Louisville'),
(106, 2, 'Lubbock'),
(107, 2, 'Madison'),
(108, 2, 'Mesa'),
(109, 2, 'Milwaukee'),
(110, 2, 'Minneapolis'),
(111, 2, 'Mobile'),
(112, 2, 'Modesto'),
(113, 2, 'Montgomery'),
(114, 2, 'New Orleans'),
(115, 2, 'New York'),
(116, 2, 'Newark'),
(117, 2, 'Norfolk'),
(118, 2, 'Oakland'),
(119, 2, 'Oklahoma City'),
(120, 2, 'Omaha'),
(121, 2, 'Other cities in USA'),
(122, 2, 'Philadelphia'),
(123, 2, 'Phoenix'),
(124, 2, 'Pittsburgh'),
(125, 2, 'Plano'),
(126, 2, 'Portland'),
(127, 2, 'Raleigh'),
(128, 2, 'Richmond)'),
(129, 2, 'Riverside'),
(130, 2, 'Rochester'),
(131, 2, 'Sacramento'),
(132, 2, 'San Antonio'),
(133, 2, 'San Diego'),
(134, 2, 'San Francisco'),
(135, 2, 'San Jose'),
(136, 2, 'Santa Ana)'),
(137, 2, 'Scottsdale'),
(138, 2, 'Seattle'),
(139, 2, 'Shreveport'),
(140, 2, 'Spokane'),
(141, 2, 'St.Louis'),
(142, 2, 'St.Paul'),
(143, 2, 'Stockton'),
(144, 2, 'Tacoma'),
(145, 2, 'Toledo'),
(146, 2, 'Tucson'),
(147, 2, 'Tulsa'),
(148, 2, 'Virginia Beach'),
(149, 2, 'Washington'),
(150, 2, 'Wichita'),
(151, 2, 'Winston-Salem'),
(152, 2, 'Yonkers'),
(153, 3, 'Birmingham'),
(154, 3, 'Bristol'),
(155, 3, 'Glasgow'),
(156, 3, 'Leeds'),
(157, 3, 'Liverpool'),
(158, 3, 'London'),
(159, 3, 'Manchester'),
(160, 3, 'Newcastle'),
(161, 3, 'Nottingham'),
(162, 3, 'Sheffield'),
(163, 4, 'Calgary'),
(164, 4, 'Edmonton'),
(165, 4, 'Hamilton'),
(166, 4, 'Kitchener'),
(167, 4, 'London'),
(168, 4, 'Montréal'),
(169, 4, 'Ottawa'),
(170, 4, 'Québec'),
(171, 4, 'St.Catharines'),
(172, 4, 'Toronto'),
(173, 4, 'Vancouver'),
(174, 4, 'Victoria'),
(175, 4, 'Winnipeg'),
(176, 5, 'Adelaide'),
(177, 5, 'Brisbane'),
(178, 5, 'Canberra'),
(179, 5, 'Geelong'),
(180, 5, 'Gold Coast'),
(181, 5, 'Gosford'),
(182, 5, 'Hobart'),
(183, 5, 'Melbourne'),
(184, 5, 'Newcastle'),
(185, 5, 'Perth'),
(186, 5, 'Sunshine Coast'),
(187, 5, 'Sydney'),
(188, 5, 'Townsville'),
(189, 5, 'Wollongong'),
(190, 6, 'Amsterdam'),
(191, 6, 'Athinai (Athens)'),
(192, 6, 'Barcelona'),
(193, 6, 'Barnaul'),
(194, 6, 'Beograd (Belgrade)'),
(195, 6, 'Berlin'),
(196, 6, 'Bremen'),
(197, 6, 'Bucuresti (Bucharest)'),
(198, 6, 'Budapest'),
(199, 6, 'Chelyabinsk'),
(200, 6, 'Dnepropetrovsk'),
(201, 6, 'Donetsk'),
(202, 6, 'Dortmund'),
(203, 6, 'Duisburg'),
(204, 6, 'Düsseldorf'),
(205, 6, 'Ekaterinoburg'),
(206, 6, 'Essen'),
(207, 6, 'Frankfurt'),
(208, 6, 'Genova'),
(209, 6, 'Hamburg'),
(210, 6, 'Hannover'),
(211, 6, 'Helsinki'),
(212, 6, 'Irkutsk'),
(213, 6, 'Izhevsk'),
(214, 6, 'Kazan'),
(215, 6, 'Kemerovo'),
(216, 6, 'Khabarovsk'),
(217, 6, 'Kharkov'),
(218, 6, 'Kiev'),
(219, 6, 'Kishinev'),
(220, 6, 'Kobenhavn (Copenhagen)'),
(221, 6, 'Köln (Cologne)'),
(222, 6, 'Kraków'),
(223, 6, 'Krasnodar'),
(224, 6, 'Krasnoyarsk'),
(225, 6, 'Kryvy Rig'),
(226, 6, 'Lipetsk'),
(227, 6, 'Lisboa (Lisbon)'),
(228, 6, 'Lódz'),
(229, 6, 'Lvov'),
(230, 6, 'Madrid'),
(231, 6, 'Málaga'),
(232, 6, 'Marseille'),
(233, 6, 'Milano (Milan)'),
(234, 6, 'Minsk'),
(235, 6, 'Moskva (Moscow)'),
(236, 6, 'München (Munich)'),
(237, 6, 'Mykolaiv'),
(238, 6, 'Naberezhnye Tchelny'),
(239, 6, 'Napoli (Naples)'),
(240, 6, 'Nizhny Novgorod'),
(241, 6, 'Novokuznetsk'),
(242, 6, 'Novosibirsk'),
(243, 6, 'Odessa'),
(244, 6, 'Omsk'),
(245, 6, 'Orenburg'),
(246, 6, 'Oslo'),
(247, 6, 'Palermo'),
(248, 6, 'Paris'),
(249, 6, 'Penza'),
(250, 6, 'Perm'),
(251, 6, 'Poznan'),
(252, 6, 'Praha (Prague)'),
(253, 6, 'Riga'),
(254, 6, 'Roma'),
(255, 6, 'Rostov-na-Donu'),
(256, 6, 'Rotterdam'),
(257, 6, 'Ryazan'),
(258, 6, 'Salonika'),
(259, 6, 'Samara'),
(260, 6, 'Sarajevo'),
(261, 6, 'Saratov'),
(262, 6, 'Sevilla'),
(263, 6, 'Sofia'),
(264, 6, 'St Petersburg'),
(265, 6, 'Stockholm'),
(266, 6, 'Stuttgart'),
(267, 6, 'Tolyatti'),
(268, 6, 'Torino (Turin)'),
(269, 6, 'Tula'),
(270, 6, 'Tyumen'),
(271, 6, 'Ufa'),
(272, 6, 'Ulyanovsk'),
(273, 6, 'Valencia'),
(274, 6, 'VILNIUS'),
(275, 6, 'Vladivostok'),
(276, 6, 'Volgograd'),
(277, 6, 'Voronezh'),
(278, 6, 'Warszawa (Warsaw)'),
(279, 6, 'Wien (Vienna)'),
(280, 6, 'Wroclaw (Breslau)'),
(281, 6, 'Yaroslave'),
(282, 6, 'Zagreb'),
(283, 6, 'Zaporozhye'),
(284, 6, 'Zaragoza'),
(285, 7, 'Aden'),
(286, 7, 'Agra'),
(287, 7, 'Ahmadãbãd'),
(288, 7, 'Almaty'),
(289, 7, 'Ambon'),
(290, 7, 'Anadyr'),
(291, 7, 'Ankara'),
(292, 7, 'Anshan'),
(293, 7, 'Aqtau'),
(294, 7, 'Aqtobe'),
(295, 7, 'Ashgabat'),
(296, 7, 'Astana'),
(297, 7, 'Baku'),
(298, 7, 'Balikpapan'),
(299, 7, 'Bandar Seri Begawan'),
(300, 7, 'Bandung'),
(301, 7, 'Bangalore'),
(302, 7, 'Bangkok'),
(303, 7, 'Banjarmasin'),
(304, 7, 'Baotou'),
(305, 7, 'Barisal'),
(306, 7, 'Basra'),
(307, 7, 'Beijing'),
(308, 7, 'Bethlehem'),
(309, 7, 'Bhopal'),
(310, 7, 'Bhubaneshwar'),
(311, 7, 'Bishkek'),
(312, 7, 'Bogor'),
(313, 7, 'Canton'),
(314, 7, 'Cebu City'),
(315, 7, 'Changchun'),
(316, 7, 'Changsha'),
(317, 7, 'Chelyabinsk'),
(318, 7, 'Chengdu'),
(319, 7, 'Chennai'),
(320, 7, 'Chittagong'),
(321, 7, 'Choibalsan'),
(322, 7, 'Chongqing'),
(323, 7, 'Cirebon'),
(324, 7, 'Colombo'),
(325, 7, 'Comilla'),
(326, 7, 'Delhi'),
(327, 7, 'Denpasar'),
(328, 7, 'Dhaka'),
(329, 7, 'Dili'),
(330, 7, 'Doha'),
(331, 7, 'Dushanbe'),
(332, 7, 'Endeh'),
(333, 7, 'Esfahãn'),
(334, 7, 'Faisalabad'),
(335, 7, 'Foochow'),
(336, 7, 'Fukuoka'),
(337, 7, 'Fushun'),
(338, 7, 'George Town'),
(339, 7, 'Guiyang'),
(340, 7, 'Hangzhou'),
(341, 7, 'Hanoi'),
(342, 7, 'Harbin'),
(343, 7, 'Hilla'),
(344, 7, 'Hiroshima'),
(345, 7, 'Ho Chi Minh'),
(346, 7, 'Hong Kong'),
(347, 7, 'Hovd'),
(348, 7, 'Hyderãbãd'),
(349, 7, 'Incheon'),
(350, 7, 'Indore'),
(351, 7, 'Irbil'),
(352, 7, 'Islamabad'),
(353, 7, 'Jaipur'),
(354, 7, 'Jakarta'),
(355, 7, 'Jambi'),
(356, 7, 'Jayapura'),
(357, 7, 'Jeddah'),
(358, 7, 'Jessore'),
(359, 7, 'Jilin'),
(360, 7, 'Jinan'),
(361, 7, 'Jinzhou'),
(362, 7, 'Kabul'),
(363, 7, 'Kamchatka'),
(364, 7, 'Kãnpur'),
(365, 7, 'Kaohsiung'),
(366, 7, 'Karachi'),
(367, 7, 'Karbala'),
(368, 7, 'Kathmandu'),
(369, 7, 'Kawasaki'),
(370, 7, 'Kediri'),
(371, 7, 'Khon Kaen'),
(372, 7, 'Khulna'),
(373, 7, 'Kirkuk'),
(374, 7, 'Kitakyushu'),
(375, 7, 'Kobe'),
(376, 7, 'Kolkata'),
(377, 7, 'Kowloon'),
(378, 7, 'Krasnoyarsk'),
(379, 7, 'Kuala Lumpur'),
(380, 7, 'Kudus'),
(381, 7, 'Kunming'),
(382, 7, 'Kupang'),
(383, 7, 'Kyoto'),
(384, 7, 'Lahore'),
(385, 7, 'Lanchow'),
(386, 7, 'Lhasa'),
(387, 7, 'Lucknow'),
(388, 7, 'Lüda'),
(389, 7, 'Ludhiana'),
(390, 7, 'Luoyang'),
(391, 7, 'Macau'),
(392, 7, 'Madiun'),
(393, 7, 'Madurai'),
(394, 7, 'Makassar'),
(395, 7, 'Makkah'),
(396, 7, 'Malang'),
(397, 7, 'Manado'),
(398, 7, 'Manama'),
(399, 7, 'Manila'),
(400, 7, 'Mashhad'),
(401, 7, 'Mataram'),
(402, 7, 'Medan'),
(403, 7, 'Mosul'),
(404, 7, 'Mumbai'),
(405, 7, 'Muscat'),
(406, 7, 'Mymensingh'),
(407, 7, 'Nagoya'),
(408, 7, 'Nãgpur'),
(409, 7, 'Naha'),
(410, 7, 'Najaf'),
(411, 7, 'Nanchang'),
(412, 7, 'Nasiriya'),
(413, 7, 'New Delhi'),
(414, 7, 'Nicosia'),
(415, 7, 'Novosibirsk'),
(416, 7, 'Okayama'),
(417, 7, 'Omsk'),
(418, 7, 'Osaka'),
(419, 7, 'Pabna'),
(420, 7, 'Padang'),
(421, 7, 'Palembang'),
(422, 7, 'Patna'),
(423, 7, 'Pattaya'),
(424, 7, 'Pekalongan'),
(425, 7, 'Pekanbaru'),
(426, 7, 'Pematangsiantar'),
(427, 7, 'Perm'),
(428, 7, 'Peshawar'),
(429, 7, 'Phnom Penh'),
(430, 7, 'Phuket'),
(431, 7, 'Port Blair'),
(432, 7, 'Port-aux-Francais'),
(433, 7, 'Pune'),
(434, 7, 'Pusan'),
(435, 7, 'Pyongyang'),
(436, 7, 'Qiqihar'),
(437, 7, 'Raba'),
(438, 7, 'Saidpur'),
(439, 7, 'Samarinda'),
(440, 7, 'Sana'),
(441, 7, 'Sapporo'),
(442, 7, 'Semarang'),
(443, 7, 'Sendai'),
(444, 7, 'Seoul'),
(445, 7, 'Seremban'),
(446, 7, 'Shanghai'),
(447, 7, 'Shenzhen'),
(448, 7, 'Shijiazhuang'),
(449, 7, 'Shillong'),
(450, 7, 'Sialkot'),
(451, 7, 'Sian'),
(452, 7, 'Singapore'),
(453, 7, 'Singaraja'),
(454, 7, 'Sulaimaniya'),
(455, 7, 'Surabaya'),
(456, 7, 'Surakarta'),
(457, 7, 'Surat'),
(458, 7, 'Sylhet'),
(459, 7, 'Tabriz'),
(460, 7, 'Taegu'),
(461, 7, 'Taichung'),
(462, 7, 'Taipei'),
(463, 7, 'Taiyuan'),
(464, 7, 'Tangshan'),
(465, 7, 'Tanjungkarang'),
(466, 7, 'Tashkent'),
(467, 7, 'Tasikmalaya'),
(468, 7, 'Tbilisi'),
(469, 7, 'Tegal'),
(470, 7, 'Ternate'),
(471, 7, 'The Settlement'),
(472, 7, 'Thimphu'),
(473, 7, 'Tianjin'),
(474, 7, 'Tokyo'),
(475, 7, 'Tsingtao'),
(476, 7, 'Ufa'),
(477, 7, 'Ulaanbaatar'),
(478, 7, 'Urümqi'),
(479, 7, 'Vadodara'),
(480, 7, 'Varanasi'),
(481, 7, 'Vientiane'),
(482, 7, 'Vishakhapatnam'),
(483, 7, 'Vladivostok'),
(484, 7, 'Wuhan'),
(485, 7, 'Yangon'),
(486, 7, 'Yekaterinburg'),
(487, 7, 'Yerevan'),
(488, 7, 'Yogyakarta'),
(489, 7, 'Yokohama'),
(490, 7, 'Yuzhno-Sakhalinsk'),
(491, 7, 'Zhengzhou'),
(492, 7, 'Zibo'),
(493, 8, 'Abu Dhabi'),
(494, 8, 'Aleppo'),
(495, 8, 'Amman'),
(496, 8, 'Baghdad'),
(497, 8, 'Beirut'),
(498, 8, 'Cairo'),
(499, 8, 'Dahab'),
(500, 8, 'Damascus'),
(501, 8, 'Dhahran'),
(502, 8, 'Dubai'),
(503, 8, 'Gaza'),
(504, 8, 'Haifa'),
(505, 8, 'Istanbul'),
(506, 8, 'Jerusalem'),
(507, 8, 'Kuwait'),
(508, 8, 'Mecca'),
(509, 8, 'Nukus'),
(510, 8, 'Riyadh'),
(511, 8, 'Tehran'),
(512, 8, 'Tel Aviv'),
(513, 9, 'Abidjan'),
(514, 9, 'Abuja'),
(515, 9, 'Accra'),
(516, 9, 'Addis Ababa'),
(517, 9, 'Al Jizah'),
(518, 9, 'Alexandria'),
(519, 9, 'Algiers'),
(520, 9, 'Antananarivo'),
(521, 9, 'Asmara'),
(522, 9, 'Bamako'),
(523, 9, 'Bangui'),
(524, 9, 'Banjul'),
(525, 9, 'Bissau'),
(526, 9, 'Brazzaville'),
(527, 9, 'Bujumbura'),
(528, 9, 'Cairo'),
(529, 9, 'Cape Town'),
(530, 9, 'Casablanca'),
(531, 9, 'Conakry'),
(532, 9, 'Dakar'),
(533, 9, 'Dar es Salaam'),
(534, 9, 'Djibouti'),
(535, 9, 'Dodoma'),
(536, 9, 'El Aaiún'),
(537, 9, 'Freetown'),
(538, 9, 'Gaborone'),
(539, 9, 'Harare'),
(540, 9, 'Jamestown'),
(541, 9, 'Johannesburg'),
(542, 9, 'Kampala'),
(543, 9, 'Kano Nigeria'),
(544, 9, 'Khartoum'),
(545, 9, 'Kigali'),
(546, 9, 'Kinshasa'),
(547, 9, 'Lagos'),
(548, 9, 'Libreville'),
(549, 9, 'Lilongwe'),
(550, 9, 'Lome'),
(551, 9, 'Luanda'),
(552, 9, 'Lubumbashi'),
(553, 9, 'Lusaka'),
(554, 9, 'Malabo'),
(555, 9, 'Mamoutzou'),
(556, 9, 'Maputo'),
(557, 9, 'Maseru'),
(558, 9, 'Mbabane'),
(559, 9, 'Mogadishu'),
(560, 9, 'Monrovia'),
(561, 9, 'Moroni'),
(562, 9, 'Nairobi'),
(563, 9, 'Ndjamena'),
(564, 9, 'Niamey'),
(565, 9, 'Nouakchott'),
(566, 9, 'Ouagadougou'),
(567, 9, 'Port Louis'),
(568, 9, 'Porto Novo'),
(569, 9, 'Praia'),
(570, 9, 'Pretoria'),
(571, 9, 'Rabat'),
(572, 9, 'Saint-Denis'),
(573, 9, 'São Tomé'),
(574, 9, 'Tanger'),
(575, 9, 'Tripoli'),
(576, 9, 'Tunis'),
(577, 9, 'Victoria'),
(578, 9, 'Windhoek'),
(579, 9, 'Yamoussoukro'),
(580, 9, 'Yaoundé'),
(581, 10, 'Abaco'),
(582, 10, 'Antigua'),
(583, 10, 'Aruba'),
(584, 10, 'Barbados'),
(585, 10, 'Bermuda'),
(586, 10, 'Bridgetown'),
(587, 10, 'Fort de France'),
(588, 10, 'Freeport'),
(589, 10, 'George Town'),
(590, 10, 'Grenada'),
(591, 10, 'Hamilton'),
(592, 10, 'Havana'),
(593, 10, 'Kingston'),
(594, 10, 'Montego Bay'),
(595, 10, 'Nassau'),
(596, 10, 'Nassau'),
(597, 10, 'Negril'),
(598, 10, 'Ocho Rios'),
(599, 10, 'Paradise Island'),
(600, 10, 'Pointe Pitre'),
(601, 10, 'Ponce'),
(602, 10, 'Port of Spain'),
(603, 10, 'Port-au-Prince'),
(604, 10, 'San Juan'),
(605, 10, 'Santo Domingo'),
(606, 10, 'St.Croix'),
(607, 10, 'St.George'),
(608, 10, 'St.Kitts'),
(609, 10, 'St.Lucia'),
(610, 10, 'St.Thomas'),
(611, 10, 'Tortola'),
(612, 10, 'Trinidad and Tobago'),
(613, 10, 'Varadero'),
(614, 11, 'Adamstown'),
(615, 11, 'Alofi'),
(616, 11, 'Apia'),
(617, 11, 'Auckland'),
(618, 11, 'Chatham Island'),
(619, 11, 'Christchurch'),
(620, 11, 'Funafuti'),
(621, 11, 'Gambier Islands'),
(622, 11, 'Honiara'),
(623, 11, 'Kingston (Au)'),
(624, 11, 'Kiritimati'),
(625, 11, 'Kolonia'),
(626, 11, 'Koror'),
(627, 11, 'Lord Howe Island'),
(628, 11, 'Majuro'),
(629, 11, 'Makwa'),
(630, 11, 'Mata-Utu'),
(631, 11, 'Noumea'),
(632, 11, 'Nukualofa'),
(633, 11, 'Pago Pago'),
(634, 11, 'Palikir'),
(635, 11, 'Papeete'),
(636, 11, 'Port Moresby'),
(637, 11, 'Port Vila'),
(638, 11, 'Rarotonga'),
(639, 11, 'Rawaki'),
(640, 11, 'Suva'),
(641, 11, 'Taiohae'),
(642, 11, 'Tarawa'),
(643, 11, 'Wellington'),
(644, 12, 'Arequipa'),
(645, 12, 'Asuncion'),
(646, 12, 'Barquisimeto'),
(647, 12, 'Barranquilla'),
(648, 12, 'Belém'),
(649, 12, 'Belo Horizonte'),
(650, 12, 'Boa Vista'),
(651, 12, 'Bogota'),
(652, 12, 'Brasilia'),
(653, 12, 'Bucaramanga'),
(654, 12, 'Buenos Aires'),
(655, 12, 'Cali'),
(656, 12, 'Campinas'),
(657, 12, 'Caracas'),
(658, 12, 'Cartagena'),
(659, 12, 'Cayenne'),
(660, 12, 'Córdoba'),
(661, 12, 'Cúcuta'),
(662, 12, 'Curitiba'),
(663, 12, 'Easter Island'),
(664, 12, 'Fernando de Noronha'),
(665, 12, 'Fortaleza'),
(666, 12, 'Galapagos Islands'),
(667, 12, 'Georgetown'),
(668, 12, 'Goiânia'),
(669, 12, 'Guayaquil'),
(670, 12, 'La Paz'),
(671, 12, 'La Plata'),
(672, 12, 'Lima'),
(673, 12, 'Maceió'),
(674, 12, 'Manaus'),
(675, 12, 'Manizales'),
(676, 12, 'Mar del Plata'),
(677, 12, 'Maracaibo'),
(678, 12, 'Maracay'),
(679, 12, 'Medellin'),
(680, 12, 'Mendoza'),
(681, 12, 'Montevideo'),
(682, 12, 'Natal'),
(683, 12, 'Niterói'),
(684, 12, 'Oranjestad'),
(685, 12, 'Paramaribo'),
(686, 12, 'Port of Spain'),
(687, 12, 'Porto Alegre'),
(688, 12, 'Pôrto Velho'),
(689, 12, 'Quito'),
(690, 12, 'Recife'),
(691, 12, 'Rio Branco'),
(692, 12, 'Rio de Janeiro'),
(693, 12, 'Rosario'),
(694, 12, 'Salta'),
(695, 12, 'Salvador'),
(696, 12, 'Santa Cruz'),
(697, 12, 'Santa Fe'),
(698, 12, 'Santiago'),
(699, 12, 'Santos'),
(700, 12, 'Sao Paulo'),
(701, 12, 'Stanley'),
(702, 12, 'Tucumán'),
(703, 12, 'Valencia'),
(704, 12, 'Valparaíso'),
(705, 12, 'Vitória');

-- --------------------------------------------------------

--
-- Table structure for table `countries`
--

CREATE TABLE IF NOT EXISTS `countries` (
  `CountryID` bigint(20) NOT NULL AUTO_INCREMENT,
  `Country` varchar(250) DEFAULT NULL,
  PRIMARY KEY (`CountryID`)
) ENGINE=MyISAM  DEFAULT CHARSET=latin1 AUTO_INCREMENT=13 ;

--
-- Dumping data for table `countries`
--

INSERT INTO `countries` (`CountryID`, `Country`) VALUES
(1, 'India'),
(2, 'USA'),
(3, 'UK'),
(4, 'Canada'),
(5, 'Australia'),
(6, 'Europe'),
(7, 'Asia'),
(8, 'Middle East'),
(9, 'Africa'),
(10, 'Caribbean'),
(11, 'Oceania'),
(12, 'South America');

-- --------------------------------------------------------

--
-- Table structure for table `districts`
--

CREATE TABLE IF NOT EXISTS `districts` (
  `DistrictID` bigint(20) NOT NULL AUTO_INCREMENT,
  `StateID` bigint(20) NOT NULL DEFAULT '0',
  `CountryID` bigint(20) NOT NULL DEFAULT '0',
  `District` varchar(250) DEFAULT NULL,
  PRIMARY KEY (`DistrictID`)
) ENGINE=MyISAM  DEFAULT CHARSET=latin1 AUTO_INCREMENT=594 ;

--
-- Dumping data for table `districts`
--

INSERT INTO `districts` (`DistrictID`, `StateID`, `CountryID`, `District`) VALUES
(1, 1, 0, ''),
(2, 1, 0, ''),
(3, 2, 0, ''),
(4, 2, 0, ''),
(5, 2, 0, ''),
(6, 2, 0, ''),
(7, 2, 0, ''),
(8, 2, 0, ''),
(9, 2, 0, ''),
(10, 2, 0, ''),
(11, 2, 0, ''),
(12, 2, 0, ''),
(13, 2, 0, ''),
(14, 2, 0, ''),
(15, 2, 0, ''),
(16, 2, 0, ''),
(17, 2, 0, ''),
(18, 2, 0, ''),
(19, 2, 0, ''),
(20, 2, 0, ''),
(21, 2, 0, ''),
(22, 2, 0, ''),
(23, 2, 0, ''),
(24, 2, 0, ''),
(25, 2, 0, ''),
(26, 3, 0, ''),
(27, 3, 0, ''),
(28, 3, 0, ''),
(29, 3, 0, ''),
(30, 3, 0, ''),
(31, 3, 0, ''),
(32, 3, 0, ''),
(33, 3, 0, ''),
(34, 3, 0, ''),
(35, 3, 0, ''),
(36, 3, 0, ''),
(37, 3, 0, ''),
(38, 3, 0, ''),
(39, 3, 0, ''),
(40, 3, 0, ''),
(41, 3, 0, ''),
(42, 4, 0, ''),
(43, 4, 0, ''),
(44, 4, 0, ''),
(45, 4, 0, ''),
(46, 4, 0, ''),
(47, 4, 0, ''),
(48, 4, 0, ''),
(49, 4, 0, ''),
(50, 4, 0, ''),
(51, 4, 0, ''),
(52, 4, 0, ''),
(53, 4, 0, ''),
(54, 4, 0, ''),
(55, 4, 0, ''),
(56, 4, 0, ''),
(57, 4, 0, ''),
(58, 4, 0, ''),
(59, 4, 0, ''),
(60, 4, 0, ''),
(61, 4, 0, ''),
(62, 4, 0, ''),
(63, 4, 0, ''),
(64, 4, 0, ''),
(65, 5, 0, ''),
(66, 5, 0, ''),
(67, 5, 0, ''),
(68, 5, 0, ''),
(69, 5, 0, ''),
(70, 5, 0, ''),
(71, 5, 0, ''),
(72, 5, 0, ''),
(73, 5, 0, ''),
(74, 5, 0, ''),
(75, 5, 0, ''),
(76, 5, 0, ''),
(77, 5, 0, ''),
(78, 5, 0, ''),
(79, 5, 0, ''),
(80, 5, 0, ''),
(81, 5, 0, ''),
(82, 5, 0, ''),
(83, 5, 0, ''),
(84, 5, 0, ''),
(85, 5, 0, ''),
(86, 5, 0, ''),
(87, 5, 0, ''),
(88, 5, 0, ''),
(89, 5, 0, ''),
(90, 5, 0, ''),
(91, 5, 0, ''),
(92, 5, 0, ''),
(93, 5, 0, ''),
(94, 5, 0, ''),
(95, 5, 0, ''),
(96, 5, 0, ''),
(97, 5, 0, ''),
(98, 5, 0, ''),
(99, 5, 0, ''),
(100, 5, 0, ''),
(101, 5, 0, ''),
(102, 6, 0, ''),
(103, 7, 0, ''),
(104, 7, 0, ''),
(105, 7, 0, ''),
(106, 7, 0, ''),
(107, 7, 0, ''),
(108, 7, 0, ''),
(109, 7, 0, ''),
(110, 7, 0, ''),
(111, 7, 0, ''),
(112, 7, 0, ''),
(113, 7, 0, ''),
(114, 7, 0, ''),
(115, 7, 0, ''),
(116, 7, 0, ''),
(117, 7, 0, ''),
(118, 7, 0, ''),
(119, 8, 0, ''),
(120, 8, 0, ''),
(121, 9, 0, ''),
(122, 9, 0, ''),
(123, 10, 0, ''),
(124, 10, 0, ''),
(125, 10, 0, ''),
(126, 10, 0, ''),
(127, 10, 0, ''),
(128, 10, 0, ''),
(129, 10, 0, ''),
(130, 10, 0, ''),
(131, 10, 0, ''),
(132, 11, 0, ''),
(133, 11, 0, ''),
(134, 12, 0, ''),
(135, 12, 0, ''),
(136, 12, 0, ''),
(137, 12, 0, ''),
(138, 12, 0, ''),
(139, 12, 0, ''),
(140, 12, 0, ''),
(141, 12, 0, ''),
(142, 12, 0, ''),
(143, 12, 0, ''),
(144, 12, 0, ''),
(145, 12, 0, ''),
(146, 12, 0, ''),
(147, 12, 0, ''),
(148, 12, 0, ''),
(149, 12, 0, ''),
(150, 12, 0, ''),
(151, 12, 0, ''),
(152, 12, 0, ''),
(153, 12, 0, ''),
(154, 12, 0, ''),
(155, 12, 0, ''),
(156, 12, 0, ''),
(157, 12, 0, ''),
(158, 12, 0, ''),
(159, 13, 0, ''),
(160, 13, 0, ''),
(161, 13, 0, ''),
(162, 13, 0, ''),
(163, 13, 0, ''),
(164, 13, 0, ''),
(165, 13, 0, ''),
(166, 13, 0, ''),
(167, 13, 0, ''),
(168, 13, 0, ''),
(169, 13, 0, ''),
(170, 13, 0, ''),
(171, 13, 0, ''),
(172, 13, 0, ''),
(173, 13, 0, ''),
(174, 13, 0, ''),
(175, 13, 0, ''),
(176, 13, 0, ''),
(177, 13, 0, ''),
(178, 13, 0, ''),
(179, 14, 0, ''),
(180, 14, 0, ''),
(181, 14, 0, ''),
(182, 14, 0, ''),
(183, 14, 0, ''),
(184, 14, 0, ''),
(185, 14, 0, ''),
(186, 14, 0, ''),
(187, 14, 0, ''),
(188, 14, 0, ''),
(189, 14, 0, ''),
(190, 14, 0, ''),
(191, 15, 0, ''),
(192, 15, 0, ''),
(193, 15, 0, ''),
(194, 15, 0, ''),
(195, 15, 0, ''),
(196, 15, 0, ''),
(197, 15, 0, ''),
(198, 15, 0, ''),
(199, 15, 0, ''),
(200, 15, 0, ''),
(201, 15, 0, ''),
(202, 15, 0, ''),
(203, 15, 0, ''),
(204, 15, 0, ''),
(205, 16, 0, ''),
(206, 16, 0, ''),
(207, 16, 0, ''),
(208, 16, 0, ''),
(209, 16, 0, ''),
(210, 16, 0, ''),
(211, 16, 0, ''),
(212, 16, 0, ''),
(213, 16, 0, ''),
(214, 16, 0, ''),
(215, 16, 0, ''),
(216, 16, 0, ''),
(217, 16, 0, ''),
(218, 16, 0, ''),
(219, 16, 0, ''),
(220, 16, 0, ''),
(221, 16, 0, ''),
(222, 16, 0, ''),
(223, 16, 0, ''),
(224, 16, 0, ''),
(225, 16, 0, ''),
(226, 16, 0, ''),
(227, 17, 0, ''),
(228, 17, 0, ''),
(229, 17, 0, ''),
(230, 17, 0, ''),
(231, 17, 0, ''),
(232, 17, 0, ''),
(233, 17, 0, ''),
(234, 17, 0, ''),
(235, 17, 0, ''),
(236, 17, 0, ''),
(237, 17, 0, ''),
(238, 17, 0, ''),
(239, 17, 0, ''),
(240, 17, 0, ''),
(241, 17, 0, ''),
(242, 17, 0, ''),
(243, 17, 0, ''),
(244, 17, 0, ''),
(245, 17, 0, ''),
(246, 17, 0, ''),
(247, 17, 0, ''),
(248, 17, 0, ''),
(249, 17, 0, ''),
(250, 17, 0, ''),
(251, 17, 0, ''),
(252, 17, 0, ''),
(253, 17, 0, ''),
(254, 18, 0, ''),
(255, 18, 0, ''),
(256, 18, 0, ''),
(257, 18, 0, ''),
(258, 18, 0, ''),
(259, 18, 0, ''),
(260, 18, 0, ''),
(261, 18, 0, ''),
(262, 18, 0, ''),
(263, 18, 0, ''),
(264, 18, 0, ''),
(265, 18, 0, ''),
(266, 18, 0, ''),
(267, 18, 0, ''),
(268, 19, 0, ''),
(269, 20, 0, ''),
(270, 20, 0, ''),
(271, 20, 0, ''),
(272, 20, 0, ''),
(273, 20, 0, ''),
(274, 20, 0, ''),
(275, 20, 0, ''),
(276, 20, 0, ''),
(277, 20, 0, ''),
(278, 20, 0, ''),
(279, 20, 0, ''),
(280, 20, 0, ''),
(281, 20, 0, ''),
(282, 20, 0, ''),
(283, 20, 0, ''),
(284, 20, 0, ''),
(285, 20, 0, ''),
(286, 20, 0, ''),
(287, 20, 0, ''),
(288, 20, 0, ''),
(289, 20, 0, ''),
(290, 20, 0, ''),
(291, 20, 0, ''),
(292, 20, 0, ''),
(293, 20, 0, ''),
(294, 20, 0, ''),
(295, 20, 0, ''),
(296, 20, 0, ''),
(297, 20, 0, ''),
(298, 20, 0, ''),
(299, 20, 0, ''),
(300, 20, 0, ''),
(301, 20, 0, ''),
(302, 20, 0, ''),
(303, 20, 0, ''),
(304, 20, 0, ''),
(305, 20, 0, ''),
(306, 20, 0, ''),
(307, 20, 0, ''),
(308, 21, 0, ''),
(309, 21, 0, ''),
(310, 21, 0, ''),
(311, 21, 0, ''),
(312, 21, 0, ''),
(313, 21, 0, ''),
(314, 21, 0, ''),
(315, 21, 0, ''),
(316, 21, 0, ''),
(317, 21, 0, ''),
(318, 21, 0, ''),
(319, 21, 0, ''),
(320, 21, 0, ''),
(321, 21, 0, ''),
(322, 21, 0, ''),
(323, 21, 0, ''),
(324, 21, 0, ''),
(325, 21, 0, ''),
(326, 21, 0, ''),
(327, 21, 0, ''),
(328, 21, 0, ''),
(329, 21, 0, ''),
(330, 21, 0, ''),
(331, 21, 0, ''),
(332, 21, 0, ''),
(333, 21, 0, ''),
(334, 21, 0, ''),
(335, 21, 0, ''),
(336, 21, 0, ''),
(337, 21, 0, ''),
(338, 21, 0, ''),
(339, 21, 0, ''),
(340, 21, 0, ''),
(341, 21, 0, ''),
(342, 21, 0, ''),
(343, 22, 0, ''),
(344, 22, 0, ''),
(345, 22, 0, ''),
(346, 22, 0, ''),
(347, 22, 0, ''),
(348, 22, 0, ''),
(349, 22, 0, ''),
(350, 22, 0, ''),
(351, 22, 0, ''),
(352, 23, 0, ''),
(353, 23, 0, ''),
(354, 23, 0, ''),
(355, 23, 0, ''),
(356, 23, 0, ''),
(357, 23, 0, ''),
(358, 23, 0, ''),
(359, 24, 0, ''),
(360, 24, 0, ''),
(361, 24, 0, ''),
(362, 24, 0, ''),
(363, 24, 0, ''),
(364, 24, 0, ''),
(365, 24, 0, ''),
(366, 24, 0, ''),
(367, 25, 0, ''),
(368, 25, 0, ''),
(369, 25, 0, ''),
(370, 25, 0, ''),
(371, 25, 0, ''),
(372, 25, 0, ''),
(373, 25, 0, ''),
(374, 25, 0, ''),
(375, 26, 0, ''),
(376, 26, 0, ''),
(377, 26, 0, ''),
(378, 26, 0, ''),
(379, 26, 0, ''),
(380, 26, 0, ''),
(381, 26, 0, ''),
(382, 26, 0, ''),
(383, 26, 0, ''),
(384, 26, 0, ''),
(385, 26, 0, ''),
(386, 26, 0, ''),
(387, 26, 0, ''),
(388, 26, 0, ''),
(389, 26, 0, ''),
(390, 26, 0, ''),
(391, 26, 0, ''),
(392, 26, 0, ''),
(393, 26, 0, ''),
(394, 26, 0, ''),
(395, 26, 0, ''),
(396, 26, 0, ''),
(397, 26, 0, ''),
(398, 26, 0, ''),
(399, 26, 0, ''),
(400, 26, 0, ''),
(401, 26, 0, ''),
(402, 26, 0, ''),
(403, 26, 0, ''),
(404, 26, 0, ''),
(405, 27, 0, ''),
(406, 27, 0, ''),
(407, 27, 0, ''),
(408, 27, 0, ''),
(409, 28, 0, ''),
(410, 28, 0, ''),
(411, 28, 0, ''),
(412, 28, 0, ''),
(413, 28, 0, ''),
(414, 28, 0, ''),
(415, 28, 0, ''),
(416, 28, 0, ''),
(417, 28, 0, ''),
(418, 28, 0, ''),
(419, 28, 0, ''),
(420, 28, 0, ''),
(421, 28, 0, ''),
(422, 28, 0, ''),
(423, 28, 0, ''),
(424, 28, 0, ''),
(425, 28, 0, ''),
(426, 29, 0, ''),
(427, 29, 0, ''),
(428, 29, 0, ''),
(429, 29, 0, ''),
(430, 29, 0, ''),
(431, 29, 0, ''),
(432, 29, 0, ''),
(433, 29, 0, ''),
(434, 29, 0, ''),
(435, 29, 0, ''),
(436, 29, 0, ''),
(437, 29, 0, ''),
(438, 29, 0, ''),
(439, 29, 0, ''),
(440, 29, 0, ''),
(441, 29, 0, ''),
(442, 29, 0, ''),
(443, 29, 0, ''),
(444, 29, 0, ''),
(445, 29, 0, ''),
(446, 29, 0, ''),
(447, 29, 0, ''),
(448, 29, 0, ''),
(449, 29, 0, ''),
(450, 29, 0, ''),
(451, 29, 0, ''),
(452, 29, 0, ''),
(453, 29, 0, ''),
(454, 29, 0, ''),
(455, 29, 0, ''),
(456, 29, 0, ''),
(457, 29, 0, ''),
(458, 30, 0, ''),
(459, 31, 0, ''),
(460, 31, 0, ''),
(461, 31, 0, ''),
(462, 31, 0, ''),
(463, 31, 0, ''),
(464, 31, 0, ''),
(465, 31, 0, ''),
(466, 31, 0, ''),
(467, 31, 0, ''),
(468, 31, 0, ''),
(469, 31, 0, ''),
(470, 31, 0, ''),
(471, 31, 0, ''),
(472, 31, 0, ''),
(473, 31, 0, ''),
(474, 31, 0, ''),
(475, 31, 0, ''),
(476, 31, 0, ''),
(477, 31, 0, ''),
(478, 31, 0, ''),
(479, 31, 0, ''),
(480, 31, 0, ''),
(481, 31, 0, ''),
(482, 31, 0, ''),
(483, 31, 0, ''),
(484, 31, 0, ''),
(485, 31, 0, ''),
(486, 31, 0, ''),
(487, 31, 0, ''),
(488, 31, 0, ''),
(489, 32, 0, ''),
(490, 32, 0, ''),
(491, 32, 0, ''),
(492, 32, 0, ''),
(493, 33, 0, ''),
(494, 33, 0, ''),
(495, 33, 0, ''),
(496, 33, 0, ''),
(497, 33, 0, ''),
(498, 33, 0, ''),
(499, 33, 0, ''),
(500, 33, 0, ''),
(501, 33, 0, ''),
(502, 33, 0, ''),
(503, 33, 0, ''),
(504, 33, 0, ''),
(505, 33, 0, ''),
(506, 33, 0, ''),
(507, 33, 0, ''),
(508, 33, 0, ''),
(509, 33, 0, ''),
(510, 33, 0, ''),
(511, 33, 0, ''),
(512, 33, 0, ''),
(513, 33, 0, ''),
(514, 33, 0, ''),
(515, 33, 0, ''),
(516, 33, 0, ''),
(517, 33, 0, ''),
(518, 33, 0, ''),
(519, 33, 0, ''),
(520, 33, 0, ''),
(521, 33, 0, ''),
(522, 33, 0, ''),
(523, 33, 0, ''),
(524, 33, 0, ''),
(525, 33, 0, ''),
(526, 33, 0, ''),
(527, 33, 0, ''),
(528, 33, 0, ''),
(529, 33, 0, ''),
(530, 33, 0, ''),
(531, 33, 0, ''),
(532, 33, 0, ''),
(533, 33, 0, ''),
(534, 33, 0, ''),
(535, 33, 0, ''),
(536, 33, 0, ''),
(537, 33, 0, ''),
(538, 33, 0, ''),
(539, 33, 0, ''),
(540, 33, 0, ''),
(541, 33, 0, ''),
(542, 33, 0, ''),
(543, 33, 0, ''),
(544, 33, 0, ''),
(545, 33, 0, ''),
(546, 33, 0, ''),
(547, 33, 0, ''),
(548, 33, 0, ''),
(549, 33, 0, ''),
(550, 33, 0, ''),
(551, 33, 0, ''),
(552, 33, 0, ''),
(553, 33, 0, ''),
(554, 33, 0, ''),
(555, 33, 0, ''),
(556, 33, 0, ''),
(557, 33, 0, ''),
(558, 33, 0, ''),
(559, 33, 0, ''),
(560, 33, 0, ''),
(561, 33, 0, ''),
(562, 33, 0, ''),
(563, 34, 0, ''),
(564, 34, 0, ''),
(565, 34, 0, ''),
(566, 34, 0, ''),
(567, 34, 0, ''),
(568, 34, 0, ''),
(569, 34, 0, ''),
(570, 34, 0, ''),
(571, 34, 0, ''),
(572, 34, 0, ''),
(573, 34, 0, ''),
(574, 34, 0, ''),
(575, 34, 0, ''),
(576, 35, 0, ''),
(577, 35, 0, ''),
(578, 35, 0, ''),
(579, 35, 0, ''),
(580, 35, 0, ''),
(581, 35, 0, ''),
(582, 35, 0, ''),
(583, 35, 0, ''),
(584, 35, 0, ''),
(585, 35, 0, ''),
(586, 35, 0, ''),
(587, 35, 0, ''),
(588, 35, 0, ''),
(589, 35, 0, ''),
(590, 35, 0, ''),
(591, 35, 0, ''),
(592, 35, 0, ''),
(593, 35, 0, '');

-- --------------------------------------------------------

--
-- Table structure for table `interests`
--

CREATE TABLE IF NOT EXISTS `interests` (
  `MessageID` bigint(20) NOT NULL AUTO_INCREMENT,
  `SenderID` varchar(250) DEFAULT '0',
  `RecieverID` varchar(250) NOT NULL DEFAULT '0',
  `AcceptStatus` int(11) NOT NULL DEFAULT '0',
  `DenyStatus` int(11) NOT NULL DEFAULT '0',
  `MessageDate` datetime NOT NULL DEFAULT '0000-00-00 00:00:00',
  PRIMARY KEY (`MessageID`)
) ENGINE=MyISAM  DEFAULT CHARSET=latin1 AUTO_INCREMENT=17 ;

--
-- Dumping data for table `interests`
--

INSERT INTO `interests` (`MessageID`, `SenderID`, `RecieverID`, `AcceptStatus`, `DenyStatus`, `MessageDate`) VALUES
(8, 'sneha_thomas', 'pranitjaiswal', 1, 0, '2015-07-10 00:03:18'),
(7, 'pranitjaiswal', 'sneha_thomas', 1, 0, '2015-07-09 14:31:09'),
(9, 'pranitjaiswal', 'zero', 1, 0, '2015-07-10 14:27:57'),
(10, 'Astrid', 'eldridge86', 0, 0, '2015-07-11 00:00:03'),
(11, 'Astrid', 'Nikhil', 0, 0, '2015-07-11 00:14:18'),
(12, 'Astrid', 'Nikhil', 0, 0, '2015-07-11 00:14:27'),
(13, 'pranitjaiswal123', 'sneha_thomas', 1, 0, '2015-07-11 04:27:28'),
(14, 'sneha_thomas', 'pranitjaiswal123', 1, 0, '2015-07-11 04:28:39'),
(15, 'pranitjaiswal111', 'astrid', 1, 0, '2015-07-11 05:51:19'),
(16, 'pranitj1', 'astrid', 1, 0, '2015-07-11 06:37:24');

-- --------------------------------------------------------

--
-- Table structure for table `messages`
--

CREATE TABLE IF NOT EXISTS `messages` (
  `MessageID` bigint(20) NOT NULL AUTO_INCREMENT,
  `SenderID` varchar(250) DEFAULT '0',
  `RecieverID` varchar(250) NOT NULL DEFAULT '0',
  `ReadStatus` int(11) NOT NULL DEFAULT '0',
  `Message` text,
  `MessageDate` datetime NOT NULL DEFAULT '0000-00-00 00:00:00',
  PRIMARY KEY (`MessageID`)
) ENGINE=MyISAM  DEFAULT CHARSET=latin1 AUTO_INCREMENT=26 ;

--
-- Dumping data for table `messages`
--

INSERT INTO `messages` (`MessageID`, `SenderID`, `RecieverID`, `ReadStatus`, `Message`, `MessageDate`) VALUES
(20, 'sneha_thomas', 'pranitjaiswal123', 1, 'hi pranit', '2015-07-11 04:26:33'),
(19, 'sneha_thomas', 'pranitjaiswal', 0, 'jij', '2015-07-11 04:25:18'),
(14, 'pranitjaiswal123', 'sneha_thomas', 1, 'hi sneha.', '2015-07-11 04:21:11'),
(16, 'sneha_thomas', 'pranitjaiswal', 0, 'hiiiiiiiiii', '2015-07-11 04:23:50'),
(17, 'sneha_thomas', 'pranitjaiswal', 0, 'hi', '2015-07-11 04:24:55'),
(18, 'pranitjaiswal123', 'sneha_thomas', 1, 'hey..', '2015-07-11 04:25:16'),
(11, 'pranitjaiswal', 'zero', 1, 'I love you too babe :*', '2015-07-11 03:16:14'),
(21, 'pranitjaiswal111', 'astrid', 1, 'hi astrid', '2015-07-11 05:49:36'),
(22, 'Astrid', 'pranitjaiswal111', 1, 'hi', '2015-07-11 05:50:34'),
(23, 'pranitjaiswal111', 'astrid', 0, 'hi astrid', '2015-07-11 05:51:06'),
(24, 'pranitj1', 'astrid', 1, 'Hi astrid', '2015-07-11 06:37:36'),
(25, 'Astrid', 'pranitj1', 1, 'jiuyb', '2015-07-11 06:38:01');

-- --------------------------------------------------------

--
-- Table structure for table `partner_profile`
--

CREATE TABLE IF NOT EXISTS `partner_profile` (
  `PartnerProfileID` bigint(20) NOT NULL AUTO_INCREMENT,
  `UserID` bigint(20) NOT NULL DEFAULT '0',
  `Gender` varchar(250) DEFAULT NULL,
  `AgeFrom` varchar(250) DEFAULT NULL,
  `AgeTo` varchar(250) DEFAULT NULL,
  `MaritalStatus` varchar(250) DEFAULT NULL,
  `HaveChildren` varchar(250) DEFAULT NULL,
  `HeightFrom` varchar(250) DEFAULT '0',
  `BodyType` varchar(250) DEFAULT NULL,
  `Manglik` varchar(250) DEFAULT NULL,
  `Complexion` varchar(250) DEFAULT NULL,
  `SpecialCases` varchar(250) DEFAULT NULL,
  `HIV` varchar(250) DEFAULT NULL,
  `Religion` text,
  `MotherTongue` text,
  `FamilyValues` varchar(250) DEFAULT NULL,
  `EducationLevel` text,
  `EducationArea` text,
  `Profession` text,
  `Diet` varchar(250) DEFAULT NULL,
  `Smoke` varchar(250) DEFAULT NULL,
  `Drink` varchar(250) DEFAULT NULL,
  `CountryOfResidence` text,
  `StateOfResidence` text,
  `ResidencyStatus` varchar(250) DEFAULT NULL,
  `HeightTo` varchar(250) DEFAULT '0',
  PRIMARY KEY (`PartnerProfileID`)
) ENGINE=MyISAM  DEFAULT CHARSET=latin1 AUTO_INCREMENT=204 ;

--
-- Dumping data for table `partner_profile`
--

INSERT INTO `partner_profile` (`PartnerProfileID`, `UserID`, `Gender`, `AgeFrom`, `AgeTo`, `MaritalStatus`, `HaveChildren`, `HeightFrom`, `BodyType`, `Manglik`, `Complexion`, `SpecialCases`, `HIV`, `Religion`, `MotherTongue`, `FamilyValues`, `EducationLevel`, `EducationArea`, `Profession`, `Diet`, `Smoke`, `Drink`, `CountryOfResidence`, `StateOfResidence`, `ResidencyStatus`, `HeightTo`) VALUES
(199, 71, NULL, NULL, NULL, NULL, NULL, '0', NULL, NULL, NULL, NULL, NULL, NULL, NULL, NULL, NULL, NULL, NULL, NULL, NULL, NULL, NULL, NULL, NULL, '0'),
(130, 2, '', '18', '30', '', '', '5ft 2in - 157cm', 'Slim|Average', '', 'Very Fair|Fair|Wheatish|Wheatish Medium|Wheatish Brown', '', '', ' ', '', '', '', '', '', 'Occasionally Non-Veg|Non-Veg', 'No', 'No', '1', '', '', '5ft 6in - 167cm'),
(132, 4, NULL, NULL, NULL, NULL, NULL, '0', NULL, NULL, NULL, NULL, NULL, NULL, NULL, NULL, NULL, NULL, NULL, NULL, NULL, NULL, NULL, NULL, NULL, '0'),
(133, 5, NULL, NULL, NULL, NULL, NULL, '0', NULL, NULL, NULL, NULL, NULL, NULL, NULL, NULL, NULL, NULL, NULL, NULL, NULL, NULL, NULL, NULL, NULL, '0'),
(198, 70, NULL, NULL, NULL, NULL, NULL, '0', NULL, NULL, NULL, NULL, NULL, NULL, NULL, NULL, NULL, NULL, NULL, NULL, NULL, NULL, NULL, NULL, NULL, '0'),
(134, 6, '', '18', '18', 'Never Married', 'No', '4ft 5in - 134cm', 'Slim', '', 'Wheatish Medium', '', '', '9|7', 'English', '', 'Bachelors|Masters', 'Advertising/ Marketing|Architecture', 'Not working', 'Non-Veg', 'No', 'Occasionally', '1|2', '1', 'Citizen', '5ft 11in - 180cm'),
(135, 7, '', '18', '20', 'Never Married', 'No', '4ft 5in - 134cm', 'Slim', '', 'Very Fair', '', '', '9', 'Malayalam', '', 'Bachelors', 'Computers/ IT', 'Non-mainstream professional', 'Non-Veg', 'No', 'No', '1', '18', 'Citizen', '7ft 0in - 213cm'),
(136, 8, NULL, NULL, NULL, NULL, NULL, '0', NULL, NULL, NULL, NULL, NULL, NULL, NULL, NULL, NULL, NULL, NULL, NULL, NULL, NULL, NULL, NULL, NULL, '0'),
(137, 9, NULL, NULL, NULL, NULL, NULL, '0', NULL, NULL, NULL, NULL, NULL, NULL, NULL, NULL, NULL, NULL, NULL, NULL, NULL, NULL, NULL, NULL, NULL, '0'),
(138, 10, NULL, NULL, NULL, NULL, NULL, '0', NULL, NULL, NULL, NULL, NULL, NULL, NULL, NULL, NULL, NULL, NULL, NULL, NULL, NULL, NULL, NULL, NULL, '0'),
(139, 11, NULL, NULL, NULL, NULL, NULL, '0', NULL, NULL, NULL, NULL, NULL, NULL, NULL, NULL, NULL, NULL, NULL, NULL, NULL, NULL, NULL, NULL, NULL, '0'),
(140, 12, NULL, NULL, NULL, NULL, NULL, '0', NULL, NULL, NULL, NULL, NULL, NULL, NULL, NULL, NULL, NULL, NULL, NULL, NULL, NULL, NULL, NULL, NULL, '0'),
(141, 13, '', '18', '20', 'Never Married|Annulled', 'No', '4ft 5in - 134cm', 'Slim', '', 'Fair', '', '', '18', 'Marathi', 'Moderate', 'Bachelors', 'Engineering/ Technology', 'Air Hostess', 'Non-Veg', 'No', 'No', '1', '21', 'Citizen', '5ft 11in - 180cm'),
(142, 14, NULL, NULL, NULL, NULL, NULL, '0', NULL, NULL, NULL, NULL, NULL, NULL, NULL, NULL, NULL, NULL, NULL, NULL, NULL, NULL, NULL, NULL, NULL, '0'),
(143, 15, '', '20', '22', '', '', '5ft 4in - 162cm', '', '', '', '', '', '6', 'Other', '', 'Bachelors', 'Medicine', 'Doctor', '', '', '', '1', '1', 'Citizen', '7ft 0in - 213cm'),
(144, 16, NULL, NULL, NULL, NULL, NULL, '0', NULL, NULL, NULL, NULL, NULL, NULL, NULL, NULL, NULL, NULL, NULL, NULL, NULL, NULL, NULL, NULL, NULL, '0'),
(145, 17, NULL, NULL, NULL, NULL, NULL, '0', NULL, NULL, NULL, NULL, NULL, NULL, NULL, NULL, NULL, NULL, NULL, NULL, NULL, NULL, NULL, NULL, NULL, '0'),
(146, 18, NULL, NULL, NULL, NULL, NULL, '0', NULL, NULL, NULL, NULL, NULL, NULL, NULL, NULL, NULL, NULL, NULL, NULL, NULL, NULL, NULL, NULL, NULL, '0'),
(147, 19, '', '18', '18', 'Annulled', '', '4ft 5in - 134cm', 'Slim', '', 'Wheatish Medium', '', '', '', '', 'Moderate', '', '', '', 'Occasionally Non-Veg', 'No', 'No', '', '', '', '7ft 0in - 213cm'),
(148, 20, NULL, NULL, NULL, NULL, NULL, '0', NULL, NULL, NULL, NULL, NULL, NULL, NULL, NULL, NULL, NULL, NULL, NULL, NULL, NULL, NULL, NULL, NULL, '0'),
(149, 21, NULL, NULL, NULL, NULL, NULL, '0', NULL, NULL, NULL, NULL, NULL, NULL, NULL, NULL, NULL, NULL, NULL, NULL, NULL, NULL, NULL, NULL, NULL, '0'),
(150, 22, NULL, NULL, NULL, NULL, NULL, '0', NULL, NULL, NULL, NULL, NULL, NULL, NULL, NULL, NULL, NULL, NULL, NULL, NULL, NULL, NULL, NULL, NULL, '0'),
(151, 23, '', '18', '26', '', '', '5ft 1in - 154cm', '', '', '', '', '', '13', 'Coorgi', '', 'Masters', 'Shipping', 'Contractor', '', '', '', '1', '', '', '6ft 0in - 182cm'),
(152, 24, NULL, NULL, NULL, NULL, NULL, '0', NULL, NULL, NULL, NULL, NULL, NULL, NULL, NULL, NULL, NULL, NULL, NULL, NULL, NULL, NULL, NULL, NULL, '0'),
(153, 25, NULL, NULL, NULL, NULL, NULL, '0', NULL, NULL, NULL, NULL, NULL, NULL, NULL, NULL, NULL, NULL, NULL, NULL, NULL, NULL, NULL, NULL, NULL, '0'),
(154, 26, '', '18', '22', 'Never Married', 'No', '4ft 5in - 134cm', 'Slim', '', 'Wheatish Brown', '', '', '9', 'English', 'Liberal', 'Doctorate', 'Architecture', 'Accountant', 'Non-Veg', 'No', 'No', '3', '', 'Citizen', '7ft 0in - 213cm'),
(155, 27, NULL, NULL, NULL, NULL, NULL, '0', NULL, NULL, NULL, NULL, NULL, NULL, NULL, NULL, NULL, NULL, NULL, NULL, NULL, NULL, NULL, NULL, NULL, '0'),
(156, 28, '', '18', '24', 'Never Married', 'No', '4ft 5in - 134cm', 'Slim', '', 'Wheatish Medium', '', '', '39|36|6', 'English', 'Traditional|Liberal', 'Bachelors|Masters', 'Advertising/ Marketing|Management|Medicine', 'Non-mainstream professional', 'Non-Veg', 'No', 'No', '2', '37', 'Citizen', '6ft 8in - 203cm'),
(157, 29, NULL, NULL, NULL, NULL, NULL, '0', NULL, NULL, NULL, NULL, NULL, NULL, NULL, NULL, NULL, NULL, NULL, NULL, NULL, NULL, NULL, NULL, NULL, '0'),
(158, 30, NULL, NULL, NULL, NULL, NULL, '0', NULL, NULL, NULL, NULL, NULL, NULL, NULL, NULL, NULL, NULL, NULL, NULL, NULL, NULL, NULL, NULL, NULL, '0'),
(159, 31, NULL, NULL, NULL, NULL, NULL, '0', NULL, NULL, NULL, NULL, NULL, NULL, NULL, NULL, NULL, NULL, NULL, NULL, NULL, NULL, NULL, NULL, NULL, '0'),
(160, 32, NULL, NULL, NULL, NULL, NULL, '0', NULL, NULL, NULL, NULL, NULL, NULL, NULL, NULL, NULL, NULL, NULL, NULL, NULL, NULL, NULL, NULL, NULL, '0'),
(161, 33, '', '18', '18', 'Never Married', 'No', '4ft 5in - 134cm', 'Slim', '', 'Wheatish Brown', '', '', '8|9', 'English', 'Traditional', 'Bachelors', 'Advertising/ Marketing', 'Non-mainstream professional|Accountant|Acting Professional', 'Non-Veg', 'No', 'No', '1', '35', 'Citizen', '7ft 0in - 213cm'),
(162, 34, '', '18', '18', 'Never Married', 'No', '4ft 5in - 134cm', 'Slim', '', 'Fair', '', '', '9', 'English', '', 'Bachelors', 'Computers/ IT', 'Civil Engineer', 'Non-Veg', 'No', 'No', '1', '9', 'Citizen', '7ft 0in - 213cm'),
(163, 35, NULL, NULL, NULL, NULL, NULL, '0', NULL, NULL, NULL, NULL, NULL, NULL, NULL, NULL, NULL, NULL, NULL, NULL, NULL, NULL, NULL, NULL, NULL, '0'),
(164, 36, '', '18', '21', 'Never Married', 'No', '4ft 5in - 134cm', 'Slim', '', 'Very Fair', '', '', '2', 'Baluchi', 'Liberal', 'Masters', 'Advertising/ Marketing', 'Not working', 'Veg', 'Yes', 'No', '3', '89', 'Permanent Resident', '7ft 0in - 213cm'),
(165, 37, '', '18', '18', 'Never Married', 'No', '4ft 5in - 134cm', 'Slim', '', 'Very Fair', '', '', '9', 'English|French', 'Liberal', 'Bachelors|Doctorate', 'Computers/ IT|Engineering/ Technology|Fashion', 'Non-mainstream professional', 'Non-Veg', 'No', 'No', '1|2', '1', 'Citizen', '5ft 10in - 177cm'),
(166, 38, NULL, NULL, NULL, NULL, NULL, '0', NULL, NULL, NULL, NULL, NULL, NULL, NULL, NULL, NULL, NULL, NULL, NULL, NULL, NULL, NULL, NULL, NULL, '0'),
(167, 39, NULL, NULL, NULL, NULL, NULL, '0', NULL, NULL, NULL, NULL, NULL, NULL, NULL, NULL, NULL, NULL, NULL, NULL, NULL, NULL, NULL, NULL, NULL, '0'),
(168, 40, '', '18', '22', 'Never Married', 'No', '5ft 2in - 157cm', '', '', 'Fair', '', '', '18', 'Marathi', '', '', '', '', 'Eggetarian|Occasionally Non-Veg', 'No', 'No', '1', '21', 'Citizen', '6ft 0in - 182cm'),
(169, 41, NULL, NULL, NULL, NULL, NULL, '0', NULL, NULL, NULL, NULL, NULL, NULL, NULL, NULL, NULL, NULL, NULL, NULL, NULL, NULL, NULL, NULL, NULL, '0'),
(170, 42, NULL, NULL, NULL, NULL, NULL, '0', NULL, NULL, NULL, NULL, NULL, NULL, NULL, NULL, NULL, NULL, NULL, NULL, NULL, NULL, NULL, NULL, NULL, '0'),
(171, 43, NULL, NULL, NULL, NULL, NULL, '0', NULL, NULL, NULL, NULL, NULL, NULL, NULL, NULL, NULL, NULL, NULL, NULL, NULL, NULL, NULL, NULL, NULL, '0'),
(172, 44, NULL, NULL, NULL, NULL, NULL, '0', NULL, NULL, NULL, NULL, NULL, NULL, NULL, NULL, NULL, NULL, NULL, NULL, NULL, NULL, NULL, NULL, NULL, '0'),
(173, 45, NULL, NULL, NULL, NULL, NULL, '0', NULL, NULL, NULL, NULL, NULL, NULL, NULL, NULL, NULL, NULL, NULL, NULL, NULL, NULL, NULL, NULL, NULL, '0'),
(174, 46, NULL, NULL, NULL, NULL, NULL, '0', NULL, NULL, NULL, NULL, NULL, NULL, NULL, NULL, NULL, NULL, NULL, NULL, NULL, NULL, NULL, NULL, NULL, '0'),
(175, 47, '', '18', '20', 'Never Married', 'No', '4ft 5in - 134cm', 'Average', '', 'Wheatish Medium', '', '', '9|18', 'Hindi', '', 'Bachelors|Doctorate', 'Advertising/ Marketing', 'Not working', 'Non-Veg', 'No', 'No', '1|2', '1|19', 'Citizen', '7ft 0in - 213cm'),
(176, 48, NULL, NULL, NULL, NULL, NULL, '0', NULL, NULL, NULL, NULL, NULL, NULL, NULL, NULL, NULL, NULL, NULL, NULL, NULL, NULL, NULL, NULL, NULL, '0'),
(177, 49, '', '18', '18', 'Never Married', 'No', '4ft 5in - 134cm', 'Slim', '', 'Very Fair', '', '', '1|5', 'Aka', 'Moderate', 'Bachelors', 'Advertising/ Marketing', 'Non-mainstream professional', 'Veg', 'Yes', 'Yes', '2', '36', 'Student Visa', '7ft 0in - 213cm'),
(178, 50, '', '18', '19', 'Never Married', 'No', '4ft 5in - 134cm', 'Slim', '', 'Very Fair', '', '', '14', 'Hindi|Kakbarak|Kutchi', 'Liberal', 'Masters', 'Architecture', 'Non-mainstream professional', 'Non-Veg', 'Yes', 'No', '1|3|5', '12', 'Permanent Resident', '7ft 0in - 213cm'),
(179, 51, '', '18', '19', 'Never Married', 'No', '4ft 5in - 134cm', 'Slim', '', 'Wheatish Brown', '', '', '9', 'English', 'Traditional', 'Doctorate', 'Administrative services|Engineering/ Technology', 'Not working', 'Non-Veg', 'No', 'No', '1|2', '1|13', 'Citizen', '7ft 0in - 213cm'),
(180, 51, '', '18', '19', 'Never Married', 'No', '4ft 5in - 134cm', 'Slim', '', 'Wheatish Brown', '', '', '9', 'English', 'Traditional', 'Doctorate', 'Administrative services|Engineering/ Technology', 'Not working', 'Non-Veg', 'No', 'No', '1|2', '1|13', 'Citizen', '7ft 0in - 213cm'),
(194, 66, NULL, NULL, NULL, NULL, NULL, '0', NULL, NULL, NULL, NULL, NULL, NULL, NULL, NULL, NULL, NULL, NULL, NULL, NULL, NULL, NULL, NULL, NULL, '0'),
(195, 67, NULL, NULL, NULL, NULL, NULL, '0', NULL, NULL, NULL, NULL, NULL, NULL, NULL, NULL, NULL, NULL, NULL, NULL, NULL, NULL, NULL, NULL, NULL, '0'),
(182, 54, '', '18', '22', 'Never Married', 'No', '4ft 5in - 134cm', 'Average', '', 'Wheatish Medium', '', '', '1|4|13', 'Brahui|Bhutia', 'Traditional', 'Bachelors|Doctorate', 'Advertising/ Marketing|Nursing/ Health Sciences|Science', 'Accountant|Consultant|Contractor', 'Non-Veg', 'No', 'No', '1|3', '1|13', 'Citizen', '6ft 8in - 203cm'),
(183, 55, '', '18', '24', 'Never Married', 'No', '4ft 5in - 134cm', 'Average', '', 'Wheatish Brown', '', '', '6', 'Malayalam', 'Traditional', 'Masters|Diploma|Doctorate', 'Architecture|Armed Forces', 'Accountant|Business Person', 'Veg|Occasionally Non-Veg', 'No', 'No', '1|3|4', '10|11', 'Student Visa|Permanent Resident|Citizen', '7ft 0in - 213cm'),
(184, 56, '', '18', '20', 'Never Married', 'No', '4ft 5in - 134cm', 'Average', '', 'Wheatish Brown', '', '', '14|18', 'Hindi|Marathi', 'Traditional', 'Bachelors|Diploma', 'Computers/ IT|Engineering/ Technology', 'Accountant|Business Person', 'Veg', 'No', 'No', '1', '10', 'Citizen', '5ft 5in - 165cm'),
(185, 57, '', '18', '19', 'Never Married', 'No', '4ft 5in - 134cm', 'Slim', '', 'Wheatish|Wheatish Medium', '', '', '1|14', 'Marathi', 'Traditional', 'Bachelors|Diploma', 'Administrative services|Architecture', 'Non-mainstream professional|Banker', 'Veg', 'No', 'No', '1', '7|28', 'Citizen|Permanent Resident', '5ft 9in - 175cm'),
(189, 61, '', '18', '20', 'Never Married', 'No', '4ft 5in - 134cm', '', '', '', '', '', '6|9', 'English', '', 'Bachelors|Masters', 'Computers/ IT', 'Not working', 'Non-Veg', 'No', 'Occasionally', '1|2', '1|11|29', 'Citizen', '5ft 9in - 175cm'),
(188, 60, NULL, NULL, NULL, NULL, NULL, '0', NULL, NULL, NULL, NULL, NULL, NULL, NULL, NULL, NULL, NULL, NULL, NULL, NULL, NULL, NULL, NULL, NULL, '0'),
(190, 62, NULL, NULL, NULL, NULL, NULL, '0', NULL, NULL, NULL, NULL, NULL, NULL, NULL, NULL, NULL, NULL, NULL, NULL, NULL, NULL, NULL, NULL, NULL, '0'),
(191, 63, NULL, NULL, NULL, NULL, NULL, '0', NULL, NULL, NULL, NULL, NULL, NULL, NULL, NULL, NULL, NULL, NULL, NULL, NULL, NULL, NULL, NULL, NULL, '0'),
(192, 64, NULL, NULL, NULL, NULL, NULL, '0', NULL, NULL, NULL, NULL, NULL, NULL, NULL, NULL, NULL, NULL, NULL, NULL, NULL, NULL, NULL, NULL, NULL, '0'),
(193, 65, NULL, NULL, NULL, NULL, NULL, '0', NULL, NULL, NULL, NULL, NULL, NULL, NULL, NULL, NULL, NULL, NULL, NULL, NULL, NULL, NULL, NULL, NULL, '0'),
(196, 68, NULL, NULL, NULL, NULL, NULL, '0', NULL, NULL, NULL, NULL, NULL, NULL, NULL, NULL, NULL, NULL, NULL, NULL, NULL, NULL, NULL, NULL, NULL, '0'),
(200, 72, NULL, NULL, NULL, NULL, NULL, '0', NULL, NULL, NULL, NULL, NULL, NULL, NULL, NULL, NULL, NULL, NULL, NULL, NULL, NULL, NULL, NULL, NULL, '0'),
(201, 73, NULL, NULL, NULL, NULL, NULL, '0', NULL, NULL, NULL, NULL, NULL, NULL, NULL, NULL, NULL, NULL, NULL, NULL, NULL, NULL, NULL, NULL, NULL, '0'),
(202, 74, '', '19', '22', 'Never Married', 'No', '5ft 5in - 165cm', '', '', '', '', '', '', '', 'Moderate', '', '', '', '', '', '', '1', '21', 'Citizen', '6ft 0in - 182cm'),
(203, 75, NULL, NULL, NULL, NULL, NULL, '0', NULL, NULL, NULL, NULL, NULL, NULL, NULL, NULL, NULL, NULL, NULL, NULL, NULL, NULL, NULL, NULL, NULL, '0');

-- --------------------------------------------------------

--
-- Table structure for table `religion`
--

CREATE TABLE IF NOT EXISTS `religion` (
  `ReligionID` bigint(20) NOT NULL AUTO_INCREMENT,
  `Religion` varchar(250) DEFAULT NULL,
  PRIMARY KEY (`ReligionID`)
) ENGINE=MyISAM  DEFAULT CHARSET=latin1 AUTO_INCREMENT=40 ;

--
-- Dumping data for table `religion`
--

INSERT INTO `religion` (`ReligionID`, `Religion`) VALUES
(1, 'Muslim'),
(2, 'Muslim: Sunni'),
(3, 'Muslim: Shia'),
(4, 'Muslim: Bengali'),
(5, 'Muslim: Dawoodi Bohra'),
(6, 'Christian'),
(7, 'Christian: Protestant'),
(8, 'Christian: Orthodox'),
(9, 'Christian: Roman Catholic'),
(10, 'Hindu'),
(11, 'Hindu: Assamese'),
(12, 'Hindu: Bengali'),
(13, 'Hindu: Gujarati'),
(14, 'Hindu: Hindi'),
(15, 'Hindu: Kannada'),
(16, 'Hindu: Konkani'),
(17, 'Hindu: Malayalam'),
(18, 'Hindu: Marathi'),
(19, 'Hindu: Marwari'),
(20, 'Hindu: Oriya'),
(21, 'Hindu: Punjabi'),
(22, 'Hindu: Sindhi'),
(23, 'Hindu: Tamil'),
(24, 'Hindu: Telugu'),
(25, 'Parsi'),
(26, 'Sikh'),
(27, 'Sikh: Jat'),
(28, 'Sikh: Ramgharia'),
(29, 'Sikh: Khatri'),
(30, 'Sikh: Gursikh'),
(31, 'Jain'),
(32, 'Jain: Shewetamber'),
(33, 'Jain: Digambar'),
(34, 'Jain: Vania'),
(35, 'Buddhist'),
(36, 'Jewish'),
(37, 'No Religion'),
(38, 'Spiritual - not religious'),
(39, 'Other');

-- --------------------------------------------------------

--
-- Table structure for table `states`
--

CREATE TABLE IF NOT EXISTS `states` (
  `StateID` bigint(20) NOT NULL AUTO_INCREMENT,
  `CountryID` bigint(20) NOT NULL DEFAULT '0',
  `State` varchar(250) DEFAULT NULL,
  PRIMARY KEY (`StateID`)
) ENGINE=MyISAM  DEFAULT CHARSET=latin1 AUTO_INCREMENT=350 ;

--
-- Dumping data for table `states`
--

INSERT INTO `states` (`StateID`, `CountryID`, `State`) VALUES
(1, 1, 'Andaman and Nicobar'),
(2, 1, 'Andhra Pradesh'),
(3, 1, 'Arunachal Pradesh'),
(4, 1, 'Assam'),
(5, 1, 'Bihar'),
(6, 1, 'Chandigarh'),
(7, 1, 'Chhattisgarh'),
(8, 1, 'Dadra and Nagar Haveli'),
(9, 1, 'Daman and Diu'),
(10, 1, 'Delhi'),
(11, 1, 'Goa'),
(12, 1, 'Gujarat'),
(13, 1, 'Haryana'),
(14, 1, 'Himachal Pradesh'),
(15, 1, 'Jammu and Kashmir'),
(16, 1, 'Jharkhand'),
(17, 1, 'Karnataka'),
(18, 1, 'Kerala'),
(19, 1, 'Lakshadweep'),
(20, 1, 'Madhya Pradesh'),
(21, 1, 'Maharashtra'),
(22, 1, 'Manipur'),
(23, 1, 'Meghalaya'),
(24, 1, 'Mizoram'),
(25, 1, 'Nagaland'),
(26, 1, 'Orissa'),
(27, 1, 'Puducherry'),
(28, 1, 'Punjab'),
(29, 1, 'Rajasthan'),
(30, 1, 'Sikkim'),
(31, 1, 'Tamil Nadu'),
(32, 1, 'Tripura'),
(33, 1, 'Uttar Pradesh'),
(34, 1, 'Uttarakhand'),
(35, 1, 'West Benga'),
(36, 2, 'Alabama'),
(37, 2, 'Alaska'),
(38, 2, 'Arizona'),
(39, 2, 'Arkansas'),
(40, 2, 'California'),
(41, 2, 'Colorado'),
(42, 2, 'Connecticut'),
(43, 2, 'Delaware'),
(44, 2, 'District of Columbia'),
(45, 2, 'Florida'),
(46, 2, 'Georgia'),
(47, 2, 'Hawaii'),
(48, 2, 'Idaho'),
(49, 2, 'Illinois'),
(50, 2, 'Indiana'),
(51, 2, 'Iowa'),
(52, 2, 'Kansas'),
(53, 2, 'Kentucky'),
(54, 2, 'Louisiana'),
(55, 2, 'Maine'),
(56, 2, 'Maryland'),
(57, 2, 'Massachusetts'),
(58, 2, 'Michigan'),
(59, 2, 'Minnesota'),
(60, 2, 'Mississippi'),
(61, 2, 'Missouri'),
(62, 2, 'Montana'),
(63, 2, 'Nebraska'),
(64, 2, 'Nevada'),
(65, 2, 'New Hampshire'),
(66, 2, 'New Jersey'),
(67, 2, 'New Mexico'),
(68, 2, 'New York'),
(69, 2, 'North Carolina'),
(70, 2, 'North Dakota'),
(71, 2, 'Ohio'),
(72, 2, 'Oklahoma'),
(73, 2, 'Oregon'),
(74, 2, 'Pennsylvania'),
(75, 2, 'Rhode Island'),
(76, 2, ''),
(77, 2, 'South Carolina'),
(78, 2, 'South Carolina'),
(79, 2, 'South Dakota'),
(80, 2, 'Tennessee'),
(81, 2, 'Texas'),
(82, 2, 'Utah'),
(83, 2, 'Vermont'),
(84, 2, 'Virginia'),
(85, 2, 'Washington'),
(86, 2, 'West Virginia'),
(87, 2, 'Wisconsin'),
(88, 2, 'Wyoming'),
(89, 3, 'England'),
(90, 3, 'Northern Ireland'),
(91, 3, 'Scotland'),
(92, 3, 'Wales'),
(93, 4, 'Alberta'),
(94, 4, 'British Columbia'),
(95, 4, 'Labrado'),
(96, 4, 'Manitoba'),
(97, 4, 'New Brunswick'),
(98, 4, 'Newfoundland'),
(99, 4, 'Nova Scotia'),
(100, 4, 'Ontario'),
(101, 4, 'Prince Edward Island'),
(102, 4, 'Quebec'),
(103, 4, 'Saskatchewan'),
(104, 4, 'ACT'),
(105, 5, 'ACT'),
(106, 5, 'New South Wales'),
(107, 5, 'Northern Territory'),
(108, 5, 'Queensland'),
(109, 5, 'South Australia'),
(110, 5, 'Tasmania'),
(111, 5, 'Victoria'),
(112, 5, 'Western Australia'),
(113, 6, 'Albania'),
(114, 6, 'Andorra'),
(115, 6, 'Armenia'),
(116, 6, 'Austria'),
(117, 6, 'Belarus'),
(118, 6, 'Belgium'),
(119, 6, 'Bosnia'),
(120, 6, 'Bulgaria'),
(121, 6, 'Croatia'),
(122, 6, 'Cyprus'),
(123, 6, 'Czech Republic'),
(124, 6, 'Denmark'),
(125, 6, 'Estonia'),
(126, 6, 'Faroe Islands'),
(127, 6, 'Finland'),
(128, 6, 'France'),
(129, 6, 'Georgia'),
(130, 6, 'Germany'),
(131, 6, 'Gibraltar'),
(132, 6, 'Greece'),
(133, 6, 'Greenland'),
(134, 6, 'Holland'),
(135, 6, 'Hungary'),
(136, 6, 'Iceland'),
(137, 6, 'Ireland'),
(138, 6, 'Italy'),
(139, 6, 'Latvia'),
(140, 6, 'Liechtenstein'),
(141, 6, 'Lithuania'),
(142, 6, 'Luxembourg'),
(143, 6, 'Macedonia'),
(144, 6, 'Malta'),
(145, 6, 'Moldova'),
(146, 6, 'Monaco'),
(147, 6, 'Montenegro'),
(148, 6, 'Norway'),
(149, 6, 'Poland'),
(150, 6, 'Portugal'),
(151, 6, 'Romania'),
(152, 6, 'Russia'),
(153, 6, 'San Marino'),
(154, 6, 'Serbia'),
(155, 6, 'Slovakia'),
(156, 6, 'Slovenia'),
(157, 6, 'Spain'),
(158, 6, 'Svalbard'),
(159, 6, 'Sweden'),
(160, 6, 'Switzerland'),
(161, 6, 'Turkey'),
(162, 6, 'Ukraine'),
(163, 6, 'Vatican City'),
(164, 7, 'Afghanistan'),
(165, 7, 'Azerbaijan'),
(166, 7, 'Bangladesh'),
(167, 7, 'Bhutan'),
(168, 7, 'Brunei'),
(169, 7, 'Cambodia'),
(170, 7, 'China'),
(171, 7, 'Hong Kong'),
(172, 7, 'Indonesia'),
(173, 7, 'Japan'),
(174, 7, 'Kazakhstan'),
(175, 7, 'Kyrgyzstan'),
(176, 7, 'Laos'),
(177, 7, 'Macau'),
(178, 7, 'Malaysia'),
(179, 7, 'Maldives'),
(180, 7, 'Mongolia'),
(181, 7, 'Myanmar'),
(182, 7, 'Nepal'),
(183, 7, 'North Korea'),
(184, 7, 'Pakistan'),
(185, 7, 'Paracel Islands'),
(186, 7, 'Philippines'),
(187, 7, 'Singapore'),
(188, 7, 'South Korea'),
(189, 7, 'Spratly Islands'),
(190, 7, 'Sri Lanka'),
(191, 7, 'Taiwan'),
(192, 7, 'Tajikistan'),
(193, 7, 'Thailand'),
(194, 7, 'Turkey'),
(195, 7, 'Turkmenistan'),
(196, 7, 'Uzbekistan'),
(197, 7, 'Vietnam'),
(198, 8, 'Bahrain'),
(199, 8, 'Iran'),
(200, 8, 'Iraq'),
(201, 8, 'Israel'),
(202, 8, 'Jordan'),
(203, 8, 'Kuwait'),
(204, 8, 'Lebanon'),
(205, 8, 'Oman'),
(206, 8, 'Qatar'),
(207, 8, 'Saudi Arabia'),
(208, 8, 'Syria'),
(209, 8, 'UAE'),
(210, 8, 'West Bank'),
(211, 8, 'Yemen'),
(212, 9, 'Algeria'),
(213, 9, 'Angola'),
(214, 9, 'Benin'),
(215, 9, 'Botswana'),
(216, 9, 'Burkina Faso'),
(217, 9, 'Burundi'),
(218, 9, 'Cameroon'),
(219, 9, 'Cape Verde'),
(220, 9, 'Cen. Afr. Rep.'),
(221, 9, 'Chad'),
(222, 9, 'Comoros'),
(223, 9, 'Congo'),
(224, 9, 'Djibouti'),
(225, 9, 'Egypt'),
(226, 9, 'Eq. Guinea'),
(227, 9, 'Eritrea'),
(228, 9, 'Ethiopia'),
(229, 9, 'Gabon'),
(230, 9, 'Ghana'),
(231, 9, 'Guinea'),
(232, 9, 'Guinea Bissau'),
(233, 9, 'Ivory Coast'),
(234, 9, 'Kenya'),
(235, 9, 'Lesotho'),
(236, 9, 'Liberia'),
(237, 9, 'Libya'),
(238, 9, 'Madagascar'),
(239, 9, 'Malawi'),
(240, 9, 'Mali'),
(241, 9, 'Mauritania'),
(242, 9, 'Mauritius'),
(243, 9, 'Morocco'),
(244, 9, 'Mozambique'),
(245, 9, 'Namibia'),
(246, 9, 'Niger'),
(247, 9, 'Nigeria'),
(248, 9, 'Reunion'),
(249, 9, 'Rwanda'),
(250, 9, 'Saint Helena'),
(251, 9, 'Sao Tome'),
(252, 9, 'Senegal'),
(253, 9, 'Seychelles'),
(254, 9, 'Sierra Leone'),
(255, 9, 'Somalia'),
(256, 9, 'South Africa'),
(257, 9, 'Sudan'),
(258, 9, 'Swaziland'),
(259, 9, 'Tanzania'),
(260, 9, 'The Gambia'),
(261, 9, 'Togo'),
(262, 9, 'Tunisia'),
(263, 9, ''),
(264, 9, 'Uganda'),
(265, 9, 'W. Sahara'),
(266, 9, 'Zaire'),
(267, 9, 'Zambia'),
(268, 9, 'Zimbabwe'),
(269, 10, 'Anguilla'),
(270, 10, 'Antigua'),
(271, 10, 'Aruba'),
(272, 10, 'Bahamas'),
(273, 10, 'Barbados'),
(274, 10, 'Belize'),
(275, 10, 'Bermuda'),
(276, 10, 'British V.I.'),
(277, 10, 'Cayman Islands'),
(278, 10, 'Colombia'),
(279, 10, 'Costa Rica'),
(280, 10, 'Cuba'),
(281, 10, 'Dom. Republic'),
(282, 10, 'Dominica'),
(283, 10, 'Dutch Antilles'),
(284, 10, 'El Salvador'),
(285, 10, 'Grenada'),
(286, 10, 'Grenadines'),
(287, 10, 'Guadeloupe'),
(288, 10, 'Haiti'),
(289, 10, 'Jamaica'),
(290, 10, 'Martinique'),
(291, 10, 'Mexico'),
(292, 10, 'Panama'),
(293, 10, 'Puerto Rico'),
(294, 10, 'St. Barths'),
(295, 10, 'St. Kitts'),
(296, 10, 'St. Lucia'),
(297, 10, 'St. Martin'),
(298, 10, 'St. Vincent'),
(299, 10, 'Trinidad and Tobago'),
(300, 10, 'Turks and Caicos'),
(301, 10, 'US Virgin Islands'),
(302, 10, 'Venezuela'),
(303, 11, 'American Samoa'),
(304, 11, 'Cook Islands'),
(305, 11, 'East Timor'),
(306, 11, 'Fiji'),
(307, 11, 'French Polynesia'),
(308, 11, 'Guam'),
(309, 11, 'Kiribati'),
(310, 11, 'Mariana Islands'),
(311, 11, 'Marshall Islands'),
(312, 11, 'Micronesia'),
(313, 11, 'Nauru'),
(314, 11, 'New Caledonia'),
(315, 11, 'New Zealand'),
(316, 11, 'Palau'),
(317, 11, 'Pap. New Guinea'),
(318, 11, 'Pitcairn Islands'),
(319, 11, 'Samoa (Western)'),
(320, 11, 'Solomon Isles'),
(321, 11, 'Tokelau'),
(322, 11, 'Tonga'),
(323, 11, 'Tuvalu'),
(324, 11, 'Vanuatu'),
(325, 11, 'Wallis And Futuna'),
(326, 11, 'Argentina'),
(327, 11, 'Belize'),
(328, 12, 'Belize'),
(329, 12, 'Bolivia'),
(330, 12, 'Brazil'),
(331, 12, 'Chile'),
(332, 12, 'Colombia'),
(333, 12, 'Costa Rica'),
(334, 12, 'Ecuador'),
(335, 12, 'El Salvador'),
(336, 12, 'Falklands'),
(337, 12, 'Fr. Guiana'),
(338, 12, 'Guatemala'),
(339, 12, 'Guyana'),
(340, 12, 'Honduras'),
(341, 12, 'Mexico'),
(342, 12, 'Nicaragua'),
(343, 12, 'Panama'),
(344, 12, 'Paraguay'),
(345, 12, 'Peru'),
(346, 12, 'Sth. Georgia'),
(347, 12, 'Suriname'),
(348, 12, 'Uruguay'),
(349, 12, 'Venezuela');

-- --------------------------------------------------------

--
-- Table structure for table `users`
--

CREATE TABLE IF NOT EXISTS `users` (
  `UserID` bigint(20) NOT NULL AUTO_INCREMENT,
  `LoginID` varchar(50) DEFAULT NULL,
  `FName` varchar(25) NOT NULL,
  `LName` varchar(25) NOT NULL,
  `EmailAddress` varchar(50) DEFAULT NULL,
  `Password` varchar(250) DEFAULT NULL,
  `Gender` varchar(10) DEFAULT NULL,
  `BirthDate` varchar(15) DEFAULT NULL,
  `BirthMonth` varchar(10) DEFAULT NULL,
  `BirthYear` varchar(250) DEFAULT NULL,
  `dobstatus` int(11) NOT NULL DEFAULT '0',
  `Age` int(11) NOT NULL DEFAULT '0',
  `profile_pic` varchar(255) NOT NULL,
  `ReligionID` int(11) NOT NULL DEFAULT '0',
  `CountryID` int(11) NOT NULL DEFAULT '0',
  `AddedDate` datetime NOT NULL DEFAULT '0000-00-00 00:00:00',
  `Status` int(11) NOT NULL DEFAULT '1',
  `ApprovalStatus` int(11) NOT NULL DEFAULT '1',
  PRIMARY KEY (`UserID`)
) ENGINE=MyISAM  DEFAULT CHARSET=latin1 AUTO_INCREMENT=76 ;

--
-- Dumping data for table `users`
--

INSERT INTO `users` (`UserID`, `LoginID`, `FName`, `LName`, `EmailAddress`, `Password`, `Gender`, `BirthDate`, `BirthMonth`, `BirthYear`, `dobstatus`, `Age`, `profile_pic`, `ReligionID`, `CountryID`, `AddedDate`, `Status`, `ApprovalStatus`) VALUES
(71, 'pranitj1', 'Pranit', 'Jaiswal', 'pranitj@gmail.com', 'qwerty', 'Male', '02', '02', '1996', 0, 19, '', 10, 1, '2015-07-11 06:32:27', 1, 1),
(2, 'pranitjaiswal', 'Pranit', 'Jaiswal', 'pranit123@gmail.com', 'password@123', 'Male', '02', '02', '1996', 0, 19, '', 14, 1, '2015-07-09 09:10:01', 1, 1),
(4, 'Zarreen', 'Zarreen', 'Chougulay', 'zarreenc@gmail.com', 'helloz', 'Female', '11', '05', '1996', 1, 18, '', 2, 8, '2015-07-09 09:24:17', 1, 1),
(5, 'Nikhil', 'Nikhil', 'Raphi', 'nikhil.raphi07@gmail.com', '8655437905', 'Male', '01', '07', '1995', 1, 20, '', 9, 1, '2015-07-09 09:26:23', 1, 1),
(7, 'dominic56', 'Dominic', 'Savio', 'dominicsavio@gmail.com', 'dominicsavio', 'Male', '01', '03', '1995', 1, 20, '', 9, 1, '2015-07-09 09:59:47', 1, 1),
(6, 'justin56', 'Justin', 'Pinto', 'justinpinto@gmail.com', 'justinpinto', 'Male', '05', '08', '1994', 0, 20, '', 9, 1, '2015-07-09 09:39:25', 1, 1),
(8, '0101', 'Lilyan', 'Anthony', 'anthonyliliyan01@gmail.com', 'lilyan', 'Female', '01', '01', '1996', 0, 19, '', 9, 1, '2015-07-09 10:04:44', 1, 1),
(9, 'Andy', 'Andrick', 'Dsouza', 'andrickdsouza66@gmail.com', 'ilovefootvall', 'Male', '09', '06', '1995', 0, 20, '', 9, 1, '2015-07-09 10:05:34', 1, 1),
(10, 'Prati', 'Pratidnya', 'Bhalerao', 'pratibhalerao68@gmail.com', 'pratibhalerao', 'Female', '07', '09', '1994', 0, 20, '', 18, 1, '2015-07-09 10:12:17', 1, 1),
(11, 'foreveralonexD', 'Abhishek', 'Tiwari', '888abhitiwari@gmail.com', 'chutiyapa', 'Male', '11', '11', '1995', 1, 19, '', 14, 1, '2015-07-09 10:12:39', 1, 1),
(12, 'edlo', 'Edsel', 'Lopez', 'lopez.edsel@gmail.com', 'test123', 'Male', '02', '02', '1990', 0, 25, '', 9, 1, '2015-07-09 10:15:58', 1, 1),
(13, 'yatin65', 'Yatin', 'Raul', 'yatinraul@gmail.com', 'yatinraul', 'Male', '06', '06', '1995', 0, 20, '', 10, 1, '2015-07-09 10:17:51', 1, 1),
(14, 'Yashs7', 'Yash', 'Shah', 'yashshah27495@gmail.com', 'qwertyuiop', 'Male', '27', '04', '1995', 1, 19, '', 13, 1, '2015-07-09 10:18:52', 1, 1),
(15, 'Astrid', 'Astrid', 'Ferreira', 'astrid.ferreira30@gmail.com', '0000000000', 'Female', '30', '04', '1995', 0, 19, '', 9, 1, '2015-07-09 10:23:40', 1, 1),
(16, 'vishnu15', 'Vishnu', 'Nambiar', 'vishnuthedb9@gmail.com', 'manchester', 'Male', '03', '09', '1995', 1, 19, '', 37, 1, '2015-07-09 10:24:47', 1, 1),
(17, 'simranrajput', 'Simran', 'Rajput', 'simranrajput19995@gmail.com', 'simranrajput1995', 'Female', '09', '11', '1995', 1, 19, '', 26, 1, '2015-07-09 10:26:48', 1, 1),
(18, 'akki23', 'Akshay', 'Bawkar', 'akshaybawkar111213@gmail.com', 'ashokalka6879', 'Male', '23', '05', '1993', 0, 21, '', 18, 1, '2015-07-09 10:28:12', 1, 1),
(19, 'manish65', 'Manish', 'Nagare', 'manishnagare@gmail.com', 'manishnagare', 'Male', '08', '04', '1996', 0, 19, '', 10, 1, '2015-07-09 10:30:38', 1, 1),
(20, '12345', 'Forever', 'Alone', 'c.yuga28@gmail.com', 'nahopayega', 'Female', '28', '06', '1996', 0, 18, '', 38, 1, '2015-07-09 10:30:59', 1, 1),
(21, 'Sheetal', 'Sheetal', 'Kadlag', 'kadlag.sheetal@gmail.com', 'famm@123', 'Female', '02', '08', '1995', 0, 19, '', 18, 1, '2015-07-09 10:31:33', 1, 1),
(22, 'sejal', 'Sejal ', 'Gupta', 'sejtush@rediffmail.com', 'gadhapranit', 'Female', '01', '01', '1995', 0, 20, '', 10, 1, '2015-07-09 10:32:55', 1, 1),
(23, 'Wish', 'Vishakha', 'Biradar', 'vishakha.b134@gmail.com', 'asdfghjkl12345', 'Female', '13', '04', '1995', 0, 19, '', 18, 1, '2015-07-09 10:33:52', 1, 1),
(24, 'rutuja', 'Rutuja', 'Dawkhar', 'rutujadawkhar95@gmail.com', 'rutu', 'Female', '09', '07', '1995', 1, 20, '', 18, 1, '2015-07-09 10:34:19', 1, 1),
(25, 'sakshigiri', 'Sakshi', 'Giri', 'sakshigiri.bu@gmail.com', 'iloveswaron', 'Female', '13', '05', '1991', 0, 23, '', 14, 1, '2015-07-09 10:35:41', 1, 1),
(26, 'Bensycharly', 'Bensy', 'Charly', 'bensycharly@yahoo.in', 'mmmm', 'Female', '19', '01', '1996', 1, 18, '', 6, 1, '2015-07-09 10:41:11', 1, 1),
(27, 'vjblade', 'Viraj', 'Raul', 'virajsraul@gmail.com', 'czero16', 'Male', '02', '09', '1995', 0, 19, '', 10, 1, '2015-07-09 10:44:02', 1, 1),
(28, 'nikitalowe', 'Nikita', 'Lowe', 'nikitalowe.nl@gmail.com', '8976508077', 'Female', '17', '04', '1995', 0, 19, '', 9, 1, '2015-07-09 10:44:05', 1, 1),
(29, 'Shilya20', 'Shilya ', 'Wairya', 'Shilyawairya@gmail.com', 'shilya', 'Female', '17', '12', '1992', 1, 22, '', 14, 1, '2015-07-09 10:45:57', 1, 1),
(30, 'gauri28', 'Gauri', 'Vaidya', 'gauri.vaidya77@gmail.com', 'ganeshgauri', 'Female', '23', '04', '1995', 1, 19, '', 39, 1, '2015-07-09 10:46:23', 1, 1),
(31, 'tanzz', 'Tanzie', 'Dear', 'shrutanzz@gmail.com', 'shrutanzz', 'Male', '07', '08', '1991', 0, 23, '', 12, 1, '2015-07-09 10:55:57', 1, 1),
(32, 'shri', 'Shridhar', 'Thakur', 'shridharthakur77@yahoo.in', 'qwerty1234', 'Male', '25', '02', '1996', 0, 18, '', 10, 1, '2015-07-09 11:03:49', 1, 1),
(33, 'Alveena_Joseph', 'Alveena ', 'Joseph ', 'alveenajoseph95@Gmail.com', 'QWERTY', 'Female', '02', '07', '1995', 0, 20, '', 9, 1, '2015-07-09 11:05:46', 1, 1),
(34, 'Aaro', 'Aaron', 'Philip', 'aaron.philip2@yahoo.com', 'pass*', 'Male', '08', '11', '1995', 0, 19, '', 7, 1, '2015-07-09 11:16:37', 1, 1),
(35, 'Sachin_Attarde', 'Sachin', 'Attarde', 'Attarde3112@gmail.com', 'sachin', 'Male', '31', '12', '1995', 1, 19, '', 18, 1, '2015-07-09 11:18:04', 1, 1),
(36, 'shalina_rodrigues', 'Shalina', 'Rodrigues', 'shalina29@yahoo.in', '123@ab', 'Female', '29', '09', '1995', 0, 19, '', 9, 1, '2015-07-09 11:18:47', 1, 1),
(37, 'Shimster', 'Shimon', 'Johnson ', 'Shimonjohnson8@gmail.Com', 'kickmyass.com', 'Male', '07', '11', '1995', 1, 19, '', 9, 1, '2015-07-09 11:37:35', 1, 1),
(38, 'love', 'Pranit', 'Wavhal', 'ppranitwavhal@gmail.com', 'pranit', 'Male', '30', '09', '1994', 1, 20, '', 10, 1, '2015-07-09 11:43:50', 1, 1),
(39, 'aboli', 'Aboli', 'Patil', 'abolipatil08@gmail.com', 'hiiamaboli', 'Female', '08', '04', '1995', 0, 20, '', 18, 1, '2015-07-09 11:47:13', 1, 1),
(40, 'zero', 'Aniket', 'Fegade', 'aniketpf@gmail.com', 'aniket', 'Male', '24', '02', '1995', 0, 19, '', 18, 1, '2015-07-09 11:58:30', 1, 1),
(41, 'Aashish', 'Aashish', 'Yadav', 'yadav11aashish@gmail.com', 'password123', 'Male', '10', '08', '1995', 1, 19, '', 10, 1, '2015-07-09 12:03:32', 1, 1),
(42, 'Mitu', 'Mitali', 'Ghogare', 'mitughogare@gmail.com', 'mitali', 'Female', '04', '03', '1995', 1, 20, '', 18, 1, '2015-07-09 12:57:05', 1, 1),
(43, 'Danaerys', 'Chaitali ', 'Pulkundwar ', 'chaitaliscp95@gmail.com', 'sayaliamma', 'Female', '18', '09', '1995', 0, 19, '', 10, 1, '2015-07-09 13:05:26', 1, 1),
(44, 'tina', 'Tina', 'Dutta', 'tinadutta419@gmail.com', 'tina1234', 'Female', '29', '03', '1994', 0, 20, '', 12, 1, '2015-07-09 13:20:41', 1, 1),
(45, 'Shru', 'Shrutika', 'K', 'kadrekarshrutika90@gmail.com', 'aA1@', 'Female', '01', '08', '1990', 0, 24, '', 18, 1, '2015-07-09 13:55:28', 1, 1),
(46, 'Akhil', 'Akhil', 'Ramakrishnan', 'ramakrishnanakhil@gmail.com', 'rorke_ghost', 'Male', '13', '07', '1995', 1, 19, '', 23, 1, '2015-07-09 13:58:42', 1, 1),
(47, 'diechloride', 'Anshul', 'Bhanware', 'anshulbhanware@gmail.com', 'anshul123', 'Male', '12', '02', '1995', 1, 20, '', 14, 1, '2015-07-09 14:19:09', 1, 1),
(48, 'Maso', 'Shreya', 'Masal', 'masalshreya.01@gmail.com', 'hiiamshreya', 'Female', '28', '10', '1995', 0, 19, '', 18, 1, '2015-07-09 14:26:05', 1, 1),
(49, 'Already_engaged', 'Karan ', 'tupe', 'tupekaran@gmail.com', 'misfits', 'Male', '06', '07', '1995', 0, 20, '', 36, 4, '2015-07-09 15:32:38', 1, 1),
(50, 'vishnam', 'Vishnu', 'Hamarbauua', 'vishnam12@gmail.com', 'getmarried', 'Male', '06', '04', '1995', 1, 20, '', 13, 1, '2015-07-10 00:35:52', 1, 1),
(51, 'allenhenry', 'allen', 'henry', 'allenhenry94@gmail.com', '123456', '', '25', '09', '1995', 0, 19, '', 8, 1, '2015-07-10 01:21:35', 1, 1),
(57, 'sank', 'Sanket ', 'Borhade', 'sanketborhade0@gmail.com', '9224', 'Male', '26', '01', '1996', 0, 18, '', 18, 1, '2015-07-10 07:47:12', 1, 1),
(66, 'shreyansjasoriya', 'Shreyans', 'Jasoriya', 'dummyshreyans@gmail.com', 'qwerty', 'Male', '13', '11', '1994', 1, 20, '', 10, 1, '2015-07-11 00:29:49', 1, 1),
(54, 'radhika_malpani', 'radhika', 'malpani', '23radhikamalpani@gmail.com', 'radhika', 'Female', '23', '07', '1995', 0, 19, '', 19, 1, '2015-07-10 03:29:23', 1, 1),
(55, 'Daphne', 'Daphne', 'Wilson', 'wilsondaffy@gmail.com', 'daffy', 'Female', '16', '09', '1995', 1, 19, '', 7, 1, '2015-07-10 03:46:26', 1, 1),
(56, 'prerana1', 'prerana', 'gadhave', 'prerana@gmail.com', 'password', 'Female', '15', '11', '1994', 1, 20, '', 18, 1, '2015-07-10 03:58:24', 1, 1),
(61, 'eldridge86', 'eldridge', 'fernandes', 'eldridgefernandes@gmail.com', 'eldridge', 'Male', '21', '09', '1995', 1, 19, '', 9, 1, '2015-07-10 10:23:45', 1, 1),
(60, 'Ayesha', 'Ayesha', 'Lopez', 'ayesha18j@gmail.com', '1806', 'Female', '18', '06', '1987', 0, 27, '', 2, 1, '2015-07-10 10:13:51', 1, 1),
(62, 'Minto', 'Minto', 'Martin', 'mintomartin07@gmail.com', 'minto07', 'Male', '04', '07', '1995', 1, 20, '', 9, 1, '2015-07-10 12:15:31', 1, 1),
(63, 'mana', 'manasi', 'suryawanshi', 'mana80879070@gmail.com', '123456', 'Female', '19', '03', '1994', 0, 20, '', 9, 1, '2015-07-10 13:21:33', 1, 1),
(64, 'Test', 'Test', 'Id', 'Test1@gmail.com', '12345', 'Male', '05', '07', '1993', 0, 22, '', 10, 6, '2015-07-10 13:29:02', 1, 1),
(65, 'anself', 'ansel', 'fernandes', 'anselfernandes77@gmail.com', 'vedaths', 'Male', '15', '11', '1995', 0, 19, '', 6, 1, '2015-07-10 14:10:32', 1, 1),
(67, 'HarshadK', 'Harshad', 'Kulkarni', 'harshadk2011@gmail.com', '1234567', 'Male', '06', '10', '1995', 0, 19, '', 18, 1, '2015-07-11 03:05:14', 1, 1),
(68, 'pranitjaiswal123', 'Pranit', 'Jaiswal', 'pranit12345@gmail.com', '12345', 'Male', '02', '02', '1996', 1, 19, '', 10, 1, '2015-07-11 04:11:07', 1, 1),
(70, '', 'sestrrj2344', '', 'sfsgdh@dgdfh.com', '', '', '', '', '', 0, 2015, '', 0, 0, '2015-07-11 06:30:24', 1, 1),
(72, 'Radhika', 'Radhika', 'Karnik', 'radhikakarnik06@gmail.com', 'thankyou', 'Female', '06', '10', '1995', 1, 19, '', 18, 2, '2015-07-12 03:53:07', 1, 1),
(73, 'TAG1412', 'Tejas', 'Gupta', 'tejasgupta14121995@gmail.com', 'ttcrimaths', 'Male', '14', '12', '1995', 1, 19, '', 21, 1, '2015-07-14 05:29:37', 1, 1),
(74, 'sneha_thomas', 'Sneha', 'Thomas', 'sneha@gmail.com', 'password123', 'Female', '20', '10', '1995', 1, 19, '', 8, 1, '2015-07-18 04:33:40', 1, 1),
(75, 'goku', 'Goku', 'San', 'saiyangoku@gmail.com', 'supersaiyan', 'Male', '14', '09', '1985', 0, 29, '', 38, 6, '2015-07-19 14:37:27', 1, 1);

-- --------------------------------------------------------

--
-- Table structure for table `user_profile`
--

CREATE TABLE IF NOT EXISTS `user_profile` (
  `ProfileID` bigint(20) NOT NULL AUTO_INCREMENT,
  `UserID` bigint(20) NOT NULL DEFAULT '0',
  `CreatedBy` varchar(250) DEFAULT NULL,
  `MaritalStatus` varchar(250) DEFAULT NULL,
  `HaveChildren` varchar(250) DEFAULT NULL,
  `Height` varchar(250) DEFAULT NULL,
  `BodyType` varchar(250) DEFAULT NULL,
  `Complexion` varchar(250) DEFAULT NULL,
  `SpecialCases` varchar(250) DEFAULT NULL,
  `MotherTongue` varchar(250) DEFAULT NULL,
  `Caste` varchar(250) DEFAULT NULL,
  `SubCaste` varchar(250) DEFAULT NULL,
  `Manglik` varchar(250) DEFAULT NULL,
  `FamilyValues` varchar(250) DEFAULT NULL,
  `Education` varchar(250) DEFAULT NULL,
  `EducationIn` varchar(250) DEFAULT NULL,
  `Profession` varchar(250) DEFAULT NULL,
  `Diet` varchar(250) DEFAULT NULL,
  `Smoke` varchar(250) DEFAULT NULL,
  `Drink` varchar(250) DEFAULT NULL,
  `StateID` bigint(20) NOT NULL DEFAULT '0',
  `CityID` bigint(20) NOT NULL DEFAULT '0',
  `ResidencyStatus` varchar(250) DEFAULT NULL,
  `PhoneStatus` varchar(250) DEFAULT NULL,
  `CountryCode` varchar(250) DEFAULT NULL,
  `AreaStdCode` varchar(250) DEFAULT NULL,
  `PhoneNumber` varchar(250) DEFAULT NULL,
  `DisplayContactStatus` varchar(250) DEFAULT NULL,
  `AboutYourself` text,
  `BloodGroup` varchar(250) DEFAULT NULL,
  `Gotra` varchar(250) DEFAULT NULL,
  `AnnualIncome` varchar(250) DEFAULT NULL,
  `ContactPersonName` varchar(250) DEFAULT NULL,
  `ContactPersonRelationship` varchar(250) DEFAULT NULL,
  `ConvenientCallTime` varchar(250) DEFAULT NULL,
  `PersonalValues` varchar(250) DEFAULT NULL,
  `CountryOfBirth` bigint(25) NOT NULL DEFAULT '0',
  `GrewUpIn` varchar(250) DEFAULT NULL,
  `Father` varchar(250) DEFAULT NULL,
  `Mother` varchar(250) DEFAULT NULL,
  `Brothers` varchar(250) DEFAULT NULL,
  `Sisters` varchar(250) DEFAULT NULL,
  `MarriedBrothers` varchar(250) DEFAULT NULL,
  `MarriedSisters` varchar(250) DEFAULT NULL,
  `AboutFamily` text,
  `BirthHour` varchar(250) DEFAULT NULL,
  `BirthMin` varchar(250) DEFAULT NULL,
  `BirthSec` varchar(250) DEFAULT NULL,
  `BirthCity` int(11) DEFAULT '0',
  `Hobbies` text,
  `Interests` text,
  `FavoriteMusic` text,
  `FavoriteReads` text,
  `PreferredMovies` text,
  `Sports` text,
  `FavoriteCuisine` text,
  `PreferredDress` text,
  `SpokenLanguages` text,
  `CountryCode2` varchar(250) DEFAULT NULL,
  `photo1` varchar(250) DEFAULT NULL,
  `photo2` varchar(250) DEFAULT NULL,
  `photo3` varchar(250) DEFAULT NULL,
  `Rasi` varchar(250) DEFAULT NULL,
  `Nakshatra` varchar(250) DEFAULT NULL,
  `Astroprofile` varchar(250) DEFAULT NULL,
  PRIMARY KEY (`ProfileID`)
) ENGINE=MyISAM  DEFAULT CHARSET=latin1 AUTO_INCREMENT=76 ;

--
-- Dumping data for table `user_profile`
--

INSERT INTO `user_profile` (`ProfileID`, `UserID`, `CreatedBy`, `MaritalStatus`, `HaveChildren`, `Height`, `BodyType`, `Complexion`, `SpecialCases`, `MotherTongue`, `Caste`, `SubCaste`, `Manglik`, `FamilyValues`, `Education`, `EducationIn`, `Profession`, `Diet`, `Smoke`, `Drink`, `StateID`, `CityID`, `ResidencyStatus`, `PhoneStatus`, `CountryCode`, `AreaStdCode`, `PhoneNumber`, `DisplayContactStatus`, `AboutYourself`, `BloodGroup`, `Gotra`, `AnnualIncome`, `ContactPersonName`, `ContactPersonRelationship`, `ConvenientCallTime`, `PersonalValues`, `CountryOfBirth`, `GrewUpIn`, `Father`, `Mother`, `Brothers`, `Sisters`, `MarriedBrothers`, `MarriedSisters`, `AboutFamily`, `BirthHour`, `BirthMin`, `BirthSec`, `BirthCity`, `Hobbies`, `Interests`, `FavoriteMusic`, `FavoriteReads`, `PreferredMovies`, `Sports`, `FavoriteCuisine`, `PreferredDress`, `SpokenLanguages`, `CountryCode2`, `photo1`, `photo2`, `photo3`, `Rasi`, `Nakshatra`, `Astroprofile`) VALUES
(2, 2, 'Self', 'Never Married', 'No', '5ft 6in - 167cm', 'Slim', 'Fair', '', 'Hindi', 'Hindu:Baniya', '', '', 'Moderate', 'Undergraduate', 'Engineering/ Technology', 'Not working', 'Non-Veg', 'No', 'No', 21, 34, 'Permanent Resident', 'mobile', '+91', '', '9819000000', 'Show', 'Likes : Coding, playing basketball, football, and mainly puzzle kind of games, enjoy spending time with friends and family.', 'B+', '', 'Under Rs.50,000', 'Pranit', 'Self', '10:00am and 6:00pm', 'Moderate', 1, '1', 'Employed', 'Homemaker', '1', '0', '0', '', '', '01', '30', '01', 34, 'Photography|Singing', 'Blogging|Driving|Eating out|Listening to music|Movies|Net surfing|Technology', 'Enjoy most forms of music', 'Comics|Thriller / Suspense', 'Action / Suspense|Comedy|Romantic|Sci-Fi & Fantasy', 'Badminton|Basketball|Chess', 'Anything edible is great!', 'Casual - usually in jeans and T-shirts', 'English|Hindi', '+91|India', 'memberphotos/img2_1DSC_0323-1~01.jpg', 'memberphotos/photo22_1DSC_0323-1~01.jpg', 'memberphotos/photo32_2DSC_0323-1~01.jpg', 'Aquarius', '', ''),
(70, 70, NULL, NULL, NULL, NULL, NULL, NULL, NULL, NULL, NULL, NULL, NULL, NULL, NULL, NULL, NULL, NULL, NULL, NULL, 0, 0, NULL, NULL, NULL, NULL, NULL, NULL, NULL, NULL, NULL, NULL, NULL, NULL, NULL, NULL, 0, NULL, NULL, NULL, NULL, NULL, NULL, NULL, NULL, NULL, NULL, NULL, 0, NULL, NULL, NULL, NULL, NULL, NULL, NULL, NULL, NULL, NULL, NULL, NULL, NULL, NULL, NULL, NULL),
(71, 71, NULL, NULL, NULL, NULL, NULL, NULL, NULL, NULL, NULL, NULL, NULL, NULL, NULL, NULL, NULL, NULL, NULL, NULL, 0, 0, NULL, NULL, NULL, NULL, NULL, NULL, NULL, NULL, NULL, NULL, NULL, NULL, NULL, NULL, 0, NULL, NULL, NULL, NULL, NULL, NULL, NULL, NULL, NULL, NULL, NULL, 0, NULL, NULL, NULL, NULL, NULL, NULL, NULL, NULL, NULL, NULL, 'memberphotos/img71_1pranit.jpg', 'memberphotos/photo271_1pranit.jpg', 'memberphotos/photo371_2pranit.jpg', NULL, NULL, NULL),
(72, 72, NULL, NULL, NULL, NULL, NULL, NULL, NULL, NULL, NULL, NULL, NULL, NULL, NULL, NULL, NULL, NULL, NULL, NULL, 0, 0, NULL, NULL, NULL, NULL, NULL, NULL, NULL, NULL, NULL, NULL, NULL, NULL, NULL, NULL, 0, NULL, NULL, NULL, NULL, NULL, NULL, NULL, NULL, NULL, NULL, NULL, 0, NULL, NULL, NULL, NULL, NULL, NULL, NULL, NULL, NULL, NULL, NULL, NULL, NULL, NULL, NULL, NULL),
(73, 73, 'Self', 'Never Married', 'No', '6ft 1in - 185cm', 'Average', 'Wheatish Medium', '', 'Hindi', 'Hindu:Punjabi', '', '', 'Liberal', 'Bachelors', 'Computers/ IT', 'IT / Telecom Professional', 'Veg', 'No', 'No', 21, 46, 'Citizen', 'mobile', '+91', '', '9167798902', 'Show', 'I love to play any sport , good at any of them . also i like to solve any problem be it virtual or real . I would like my future wife to be beautiful,strong -minded and have a good taste of humour', 'A+', '', '$200,001 and above', 'Myself', 'Self', 'Never.Too busy.', 'Liberal', 1, '1', 'Business', 'Homemaker', '1', '0', '0', '', 'Great.Amazing.Fun to be with .', '14', '06', '30', 30, 'Acting|Playing musical instruments|Singing|Solving Crosswords, Puzzles', 'Blogging|Clubbing|Driving|Eating out|Health & Fitness|Hiking / Camping|Learning new languages|Listening to music|Movies|Nature|Net surfing|Pets|Sports - Indoor|Sports - Outdoor|Technology|Travel / Sightseeing|Trekking / Adventure sports|Video / Computer games|Volunteering / Social Service|Watching television|Wine tasting|Writing|Yoga / Meditation', 'Enjoy most forms of music', 'Not much of a reader', 'Love all kinds of movies', 'Aerobics|Athletics|Badminton|Basketball|Billiards / Snooker / Pool|Bowling|Card games|Carrom|Cricket|Football / Soccer|Gym workouts / Weight training|Jogging / Walking / Running|Scrabble|Shooting|Skating / Snowboarding / Skiing|Swimming / Water sports|Table-tennis|Trekking / Adventure sports|Volleyball|Yoga / Meditation', 'Anything edible is great!', 'Trendy - in line with the latest fashion', 'English|Hindi|Punjabi', '+91|India', NULL, NULL, NULL, '', '', ''),
(4, 4, NULL, NULL, NULL, NULL, NULL, NULL, NULL, NULL, NULL, NULL, NULL, NULL, NULL, NULL, NULL, NULL, NULL, NULL, 0, 0, NULL, NULL, NULL, NULL, NULL, NULL, NULL, 'O+', '', '', 'zarreen', 'Self', 'anytime', 'Liberal', 1, '8', 'Employed', 'Employed', '0', '0', '', '', '', NULL, NULL, NULL, 0, NULL, NULL, NULL, NULL, NULL, NULL, NULL, NULL, NULL, NULL, NULL, NULL, NULL, NULL, NULL, NULL),
(5, 5, 'Self', 'Never Married', 'No', '5ft 2in - 157cm', 'Average', 'Wheatish', '', 'Malayalam', 'Christian:Roman Catholic', 'Christian', '', 'Liberal', 'Bachelors', 'Computers/ IT', 'Student', 'Non-Veg', 'No', 'No', 21, 34, 'Permanent Resident', 'mobile', '+91', '', '8655437905', 'None', 'I am short tempered and get angry very soon. I like those people who are understanding and have feelings for others', 'B+', '', 'Rs.50,001 - 1,00,000', 'Akhil', 'Sibling', 'Between 7:00 am and 10:00 pm', 'Moderate', 1, '1', 'Business', 'Homemaker', '1', '0', '0', '', 'My family consist of my father mother and my brother. My family members are very much supportive and help me whenever i face any problem. We all share with each other our joys and sorrows. My parents were born and bought up at kerala. Even i spend my childhood there itself. My dad works in a private company and my mother is a homemaker. She''s very kind and of helping nature.', NULL, NULL, NULL, 0, 'Dancing', 'Health & Fitness|Listening to music|Movies|Sports - Outdoor|Technology|Watching television', 'Heavy Metal|Instrumental - Western|Rap|Soft Rock|Western Country Music', 'Not much of a reader', 'Comedy|Horror|Sci-Fi & Fantasy', 'Basketball|Carrom|Gym workouts / Weight training', 'Continental|Fast food|South Indian', 'Casual - usually in jeans and T-shirts', 'English|Hindi|Malayalam|Marathi', '+91|India', 'memberphotos/img5_1IMG_20150321_110933_1434902140249.jpg', 'memberphotos/photo25_1IMG_20150321_110933_1434902140249.jpg', 'memberphotos/photo35_2IMG_20150321_110933_1434902140249.jpg', NULL, NULL, NULL),
(6, 6, 'Self', 'Never Married', 'No', '5ft -  152cm', 'Athletic', 'Wheatish Brown', '', 'English', 'Christian:Roman Catholic', '', '', 'Moderate', 'Bachelors', 'Computers/ IT', 'Engineer (Project)', 'Non-Veg', 'No', 'No', 11, 32, 'Citizen', 'mobile', '+91', '', '9461067341', 'Show', 'hi myself justin pinto i like playing outdoor games..  i am a very reserved and quite person and i can adjust with people anywhere', 'A+', '', 'Rs.2,00,001 - 3,00,000', 'dominic', 'Friend', '3:00pm', 'Moderate', 1, '1', 'Employed', 'Homemaker', '2', '0', '2', '', 'decent and loving family', '', '', '', 34, 'Film-making|Painting / Drawing|Photography', 'Bikes / Cars|Driving|Listening to music|Net surfing|Pets|Sports - Outdoor|Video / Computer games|Watching television', 'Heavy Metal|Instrumental - Western|Pop|Soft Rock', 'Love reading almost anything', 'Love all kinds of movies', 'Carrom|Football / Soccer|Swimming / Water sports|Trekking / Adventure sports|Volleyball', 'Anything edible is great!', 'Will tell you later', 'Will tell you later', '+91|India', 'memberphotos/img6_1justin56.jpg', 'memberphotos/photo26_1justin56.jpg', 'memberphotos/photo36_2justin56.jpg', '', '', ''),
(8, 8, NULL, NULL, NULL, NULL, NULL, NULL, NULL, NULL, NULL, NULL, NULL, NULL, NULL, NULL, NULL, NULL, NULL, NULL, 0, 0, NULL, NULL, NULL, NULL, NULL, NULL, NULL, NULL, NULL, NULL, NULL, NULL, NULL, NULL, 0, NULL, NULL, NULL, NULL, NULL, NULL, NULL, NULL, NULL, NULL, NULL, 0, NULL, NULL, NULL, NULL, NULL, NULL, NULL, NULL, NULL, NULL, NULL, NULL, NULL, NULL, NULL, NULL),
(9, 9, NULL, NULL, NULL, NULL, NULL, NULL, NULL, NULL, NULL, NULL, NULL, NULL, NULL, NULL, NULL, NULL, NULL, NULL, 0, 0, NULL, NULL, NULL, NULL, NULL, NULL, NULL, NULL, NULL, NULL, NULL, NULL, NULL, NULL, 0, NULL, NULL, NULL, NULL, NULL, NULL, NULL, NULL, NULL, NULL, NULL, 0, NULL, NULL, NULL, NULL, NULL, NULL, NULL, NULL, NULL, NULL, NULL, NULL, NULL, NULL, NULL, NULL),
(7, 7, 'Friend', 'Never Married', 'No', '6ft - 182cm', 'Average', 'Wheatish Brown', '', 'Malayalam', 'Christian:Roman Catholic', '', '', 'Moderate', 'Bachelors', 'Computers/ IT', 'IT / Telecom Professional', 'Non-Veg', 'No', 'Occasionally', 18, 34, 'Citizen', 'mobile', '+91', '', '9461056453', 'Show', 'hi my name is dominic savio and i love doing a lot of things..  and i have  alot of hobbies and interests too', 'A-', '', 'Under Rs.50,000', 'dominic', 'Friend', '5:00pm', 'Moderate', 2, '|1', 'Employed', 'Employed', '1', '0', '0', '', 'my family are very simple', NULL, NULL, NULL, 0, 'Astrology / Palmistry / Numerology|Cooking', 'Driving|Pets|Trekking / Adventure sports', 'Bhajans / Devotional|Classical - Carnatic|Indipop|Soft Rock', 'Philosophy / Spiritual|Thriller / Suspense', '', 'Badminton|Bowling|Horseback Riding|Polo|Winter / Rink sports', 'Arabic|Continental|Lebanese|South Indian', 'Business casual - semi-formal office wear', 'Will tell you later', '+91|India', 'memberphotos/img7_1dominic56.jpg', 'memberphotos/photo27_1dominic56.jpg', 'memberphotos/photo37_2dominic56.jpg', NULL, NULL, NULL),
(10, 10, NULL, NULL, NULL, NULL, NULL, NULL, NULL, NULL, NULL, NULL, NULL, NULL, NULL, NULL, NULL, NULL, NULL, NULL, 0, 0, NULL, NULL, NULL, NULL, NULL, NULL, NULL, NULL, NULL, NULL, NULL, NULL, NULL, NULL, 0, NULL, NULL, NULL, NULL, NULL, NULL, NULL, NULL, NULL, NULL, NULL, 0, NULL, NULL, NULL, NULL, NULL, NULL, NULL, NULL, NULL, NULL, NULL, NULL, NULL, NULL, NULL, NULL),
(11, 11, NULL, NULL, NULL, NULL, NULL, NULL, NULL, NULL, NULL, NULL, NULL, NULL, NULL, NULL, NULL, NULL, NULL, NULL, 0, 0, NULL, NULL, NULL, NULL, NULL, NULL, NULL, NULL, NULL, NULL, NULL, NULL, NULL, NULL, 0, NULL, NULL, NULL, NULL, NULL, NULL, NULL, NULL, NULL, NULL, NULL, 0, NULL, NULL, NULL, NULL, NULL, NULL, NULL, NULL, NULL, NULL, NULL, NULL, NULL, NULL, NULL, NULL),
(12, 12, NULL, NULL, NULL, NULL, NULL, NULL, NULL, NULL, NULL, NULL, NULL, NULL, NULL, NULL, NULL, NULL, NULL, NULL, 0, 0, NULL, NULL, NULL, NULL, NULL, NULL, NULL, NULL, NULL, NULL, NULL, NULL, NULL, NULL, 0, NULL, NULL, NULL, NULL, NULL, NULL, NULL, NULL, NULL, NULL, NULL, 0, NULL, NULL, NULL, NULL, NULL, NULL, NULL, NULL, NULL, NULL, 'memberphotos/img12_111143407_1448133685497667_3698043168840845633_n.png', 'memberphotos/photo212_111143407_1448133685497667_3698043168840845633_n.png', 'memberphotos/photo312_211143407_1448133685497667_3698043168840845633_n.png', NULL, NULL, NULL),
(13, 13, NULL, NULL, NULL, NULL, NULL, NULL, NULL, NULL, NULL, NULL, NULL, NULL, NULL, NULL, NULL, NULL, NULL, NULL, 0, 0, NULL, NULL, NULL, NULL, NULL, NULL, NULL, 'B+', '', 'Under Rs.50,000', 'justin', 'Friend', '6:00pm', 'Liberal', 1, '|1', 'Employed', 'Homemaker', '2', '0', '1', '', 'they are an amazing family', NULL, NULL, NULL, 0, 'Astrology / Palmistry / Numerology|Gardening / Landscaping|Playing musical instruments', 'Eating out|Reading / Book clubs|Volunteering / Social Service', 'Blues|Jazz|Rap', 'Classic literature|Magazines & Newspapers|Short stories', 'Classics|Horror|Short films', 'Billiards / Snooker / Pool|Gym workouts / Weight training|Motor Racing|Swimming / Water sports', 'Bengali|Moghlai|Rajasthani|Spanish', 'Business casual - semi-formal office wear|Classic Western - typically western formal wear', 'Assamese|Dutch', NULL, 'memberphotos/img13_1yatin65.jpg', 'memberphotos/photo213_1yatin65.jpg', 'memberphotos/photo313_2yatin65.jpg', NULL, NULL, NULL),
(14, 14, NULL, NULL, NULL, NULL, NULL, NULL, NULL, NULL, NULL, NULL, NULL, NULL, NULL, NULL, NULL, NULL, NULL, NULL, 0, 0, NULL, NULL, NULL, NULL, NULL, NULL, NULL, NULL, NULL, NULL, NULL, NULL, NULL, NULL, 0, NULL, NULL, NULL, NULL, NULL, NULL, NULL, NULL, NULL, NULL, NULL, 0, NULL, NULL, NULL, NULL, NULL, NULL, NULL, NULL, NULL, NULL, 'memberphotos/img14_1Yashs7.jpg', 'memberphotos/photo214_1Yashs7.jpg', 'memberphotos/photo314_2Yashs7.jpg', NULL, NULL, NULL),
(15, 15, 'Self', 'Never Married', 'No', '5ft - 152cm', 'Slim', 'Wheatish', '', 'Other', 'Christian:Roman Catholic', '', '', 'Liberal', 'Undergraduate', 'Engineering/ Technology', 'Engineer', 'Non-Veg', 'No', 'Occasionally', 21, 34, 'Citizen', 'mobile', '+91', '', '9619199027', 'Show', 'studying and still wants to study after graduation\r\nwould like to work after marriage\r\nhardworking and persuasive', 'B+', '', '', 'astrid ferreira', 'Self', 'after 7 pm', 'Liberal', 1, '1', 'Employed', 'Employed', '0', '0', '', '', '', '00', '46', '', 34, 'Art / Handicraft|Cooking|DIY(do it yourself) projects|Painting / Drawing', 'Clubbing|Listening to music|Reading / Book clubs', 'Country Music|Hip-Hop|Pop', 'Comics|Fantasy|Romance|Thriller / Suspense', 'Comedy|Drama|Horror', 'Bowling', 'Italian|Mexican', 'Casual - usually in jeans and T-shirts|Classic Western - typically western formal wear', 'English|Hindi', '+91|India', 'memberphotos/img15_120150613_141531.jpg', 'memberphotos/photo215_120150613_141531.jpg', 'memberphotos/photo315_220150613_141531.jpg', '', '', ''),
(16, 16, NULL, NULL, NULL, NULL, NULL, NULL, NULL, NULL, NULL, NULL, NULL, NULL, NULL, NULL, NULL, NULL, NULL, NULL, 0, 0, NULL, NULL, NULL, NULL, NULL, NULL, NULL, NULL, NULL, NULL, NULL, NULL, NULL, NULL, 0, NULL, NULL, NULL, NULL, NULL, NULL, NULL, NULL, NULL, NULL, NULL, 0, NULL, NULL, NULL, NULL, NULL, NULL, NULL, NULL, NULL, NULL, NULL, NULL, NULL, NULL, NULL, NULL),
(17, 17, NULL, NULL, NULL, NULL, NULL, NULL, NULL, NULL, NULL, NULL, NULL, NULL, NULL, NULL, NULL, NULL, NULL, NULL, 0, 0, NULL, NULL, NULL, NULL, NULL, NULL, NULL, NULL, NULL, NULL, NULL, NULL, NULL, NULL, 0, NULL, NULL, NULL, NULL, NULL, NULL, NULL, NULL, NULL, NULL, NULL, 0, NULL, NULL, NULL, NULL, NULL, NULL, NULL, NULL, NULL, NULL, NULL, NULL, NULL, NULL, NULL, NULL),
(18, 18, NULL, NULL, NULL, NULL, NULL, NULL, NULL, NULL, NULL, NULL, NULL, NULL, NULL, NULL, NULL, NULL, NULL, NULL, 0, 0, NULL, NULL, NULL, NULL, NULL, NULL, NULL, NULL, NULL, NULL, NULL, NULL, NULL, NULL, 0, NULL, NULL, NULL, NULL, NULL, NULL, NULL, NULL, NULL, NULL, NULL, 0, NULL, NULL, NULL, NULL, NULL, NULL, NULL, NULL, NULL, NULL, NULL, NULL, NULL, NULL, NULL, NULL),
(19, 19, NULL, NULL, NULL, NULL, NULL, NULL, NULL, NULL, NULL, NULL, NULL, NULL, NULL, NULL, NULL, NULL, NULL, NULL, 0, 0, NULL, NULL, NULL, NULL, NULL, NULL, NULL, 'A+', '', 'Under Rs.50,000', 'dominic', 'Relative', '3:00pm', 'Traditional', 1, '|1', 'Employed', 'Employed', '0', '0', '', '', 'my family is very religious and simple', NULL, NULL, NULL, 0, 'Astronomy|Collectibles|Gardening / Landscaping|Playing musical instruments', 'Health & Fitness|Listening to music|Politics|Volunteering / Social Service', 'Classical - Carnatic|House Music|Jazz|Rap', 'Classic literature|Philosophy / Spiritual', 'Epics|Sci-Fi & Fantasy', 'Basketball|Motor Racing|Weight training|Winter / Rink sports', 'Continental|Gujarati|Moghlai', '', 'Will tell you later', NULL, 'memberphotos/img19_1manish65.jpg', 'memberphotos/photo219_1manish65.jpg', 'memberphotos/photo319_2manish65.jpg', NULL, NULL, NULL),
(20, 20, NULL, NULL, NULL, NULL, NULL, NULL, NULL, NULL, NULL, NULL, NULL, NULL, NULL, NULL, NULL, NULL, NULL, NULL, 0, 0, NULL, NULL, NULL, NULL, NULL, NULL, NULL, NULL, NULL, NULL, NULL, NULL, NULL, NULL, 0, NULL, NULL, NULL, NULL, NULL, NULL, NULL, NULL, NULL, NULL, NULL, 0, NULL, NULL, NULL, NULL, NULL, NULL, NULL, NULL, NULL, NULL, 'memberphotos/img20_1IMG_2015-22-08_22-22-55_1436374342735.png', 'memberphotos/photo220_1IMG_2015-22-08_22-22-55_1436374342735.png', 'memberphotos/photo320_2IMG_2015-22-08_22-22-55_1436374342735.png', NULL, NULL, NULL),
(21, 21, NULL, NULL, NULL, NULL, NULL, NULL, NULL, NULL, NULL, NULL, NULL, NULL, NULL, NULL, NULL, NULL, NULL, NULL, 0, 0, NULL, NULL, NULL, NULL, NULL, NULL, NULL, NULL, NULL, NULL, NULL, NULL, NULL, NULL, 0, NULL, NULL, NULL, NULL, NULL, NULL, NULL, NULL, NULL, NULL, NULL, 0, NULL, NULL, NULL, NULL, NULL, NULL, NULL, NULL, NULL, NULL, NULL, NULL, NULL, NULL, NULL, NULL),
(22, 22, NULL, NULL, NULL, NULL, NULL, NULL, NULL, NULL, NULL, NULL, NULL, NULL, NULL, NULL, NULL, NULL, NULL, NULL, 0, 0, NULL, NULL, NULL, NULL, NULL, NULL, NULL, NULL, NULL, NULL, NULL, NULL, NULL, NULL, 0, NULL, NULL, NULL, NULL, NULL, NULL, NULL, NULL, NULL, NULL, NULL, 0, NULL, NULL, NULL, NULL, NULL, NULL, NULL, NULL, NULL, NULL, NULL, NULL, NULL, NULL, NULL, NULL),
(23, 23, 'Friend', 'Never Married', 'No', '5ft 3in - 160cm', 'Average', 'Fair', '', 'Marathi', 'Hindu:Brahmin - Dhiman', '', '', 'Traditional', 'Undergraduate', 'Engineering/ Technology', 'Not working', 'Occasionally Non-Veg', 'No', 'No', 21, 34, 'Citizen', 'mobile', '+91', '', '9876543210', 'None', 'I am sweet, cute, fun loving person and make sure that I am surrounded by cheerful people. FCRIT pass out.', 'B+', '', 'Rs.10,00,001 and above', 'Biradar', 'Parent', 'after 6pm', 'Moderate', 1, '1', 'Employed', 'Homemaker', '1', '0', '0', '', '', NULL, NULL, NULL, 0, 'Animal breeding|Gardening / Landscaping|Painting / Drawing', 'Eating out|Listening to music|Reading / Book clubs', 'Alternative Music|Indipop|Pop', 'Comics|Magazines & Newspapers', 'Classics|Comedy', 'Carrom|Swimming / Water sports', 'Italian|Moghlai|South Indian', 'Casual - usually in jeans and T-shirts|Classic Indian - typically Indian formal wear|Classic Western - typically western formal wear', 'Hindi|Malayalam', '+91|India', NULL, NULL, NULL, NULL, NULL, NULL),
(24, 24, NULL, NULL, NULL, NULL, NULL, NULL, NULL, NULL, NULL, NULL, NULL, NULL, NULL, NULL, NULL, NULL, NULL, NULL, 0, 0, NULL, NULL, NULL, NULL, NULL, NULL, NULL, NULL, NULL, NULL, NULL, NULL, NULL, NULL, 0, NULL, NULL, NULL, NULL, NULL, NULL, NULL, NULL, NULL, NULL, NULL, 0, NULL, NULL, NULL, NULL, NULL, NULL, NULL, NULL, NULL, NULL, NULL, NULL, NULL, NULL, NULL, NULL),
(25, 25, NULL, NULL, NULL, NULL, NULL, NULL, NULL, NULL, NULL, NULL, NULL, NULL, NULL, NULL, NULL, NULL, NULL, NULL, 0, 0, NULL, NULL, NULL, NULL, NULL, NULL, NULL, NULL, NULL, NULL, NULL, NULL, NULL, NULL, 0, NULL, NULL, NULL, NULL, NULL, NULL, NULL, NULL, NULL, NULL, NULL, 0, NULL, NULL, NULL, NULL, NULL, NULL, NULL, NULL, NULL, NULL, NULL, NULL, NULL, NULL, NULL, NULL),
(26, 26, 'Self', 'Never Married', 'No', '5ft 2in - 157cm', 'Average', 'Wheatish', '', 'English', 'Christian:Roman Catholic', '', '', 'Moderate', 'Bachelors', 'Computers/ IT', 'Not working', 'Non-Veg', 'No', 'No', 8, 13, 'Citizen', 'mobile', '+91', '', '9456879231', 'Show', 'hi i am bensy charly and i am a IT engineer                                                                                                          i like reading', 'B+', '', 'Rs.3,00,001 - 4,00,000', 'noble', 'Friend', '3:00pm', 'Moderate', 11, '2', 'Employed', 'Homemaker', '1', '0', '1', '', '', NULL, NULL, NULL, 0, 'Animal breeding|Art / Handicraft|Astronomy|Collectibles|DIY(do it yourself) projects|Fishing|Graphology|Photography|Playing musical instruments|Singing', 'Clubbing|Driving|Hiking / Camping|Museums / Galleries / Exhibitions|Politics|Shopping|Technology|Trekking / Adventure sports|Wine tasting', 'Alternative Music|Blues|Classical ? Opera|Disco|Ghazals|Indipop|Jazz|Qawalis|Remixes|Western Country Music', 'Business / Occupational|Humour|Philosophy / Spiritual|Romance|Short stories', 'Classics|Drama|Horror|World cinema', 'Basketball|Boxing / Wrestling|Chess|Golf|Jogging / Walking / Running|Sailing / Boating / Rowing|Squash|Tennis|Weight training', 'Arabic|Gujarati|Konkan|Mexican|Moghlai|Seafood|South Indian|Spanish', 'Casual - usually in jeans and T-shirts|Designer - only leading brands will do|Classic Western - typically western formal wear|Trendy - in line with the latest fashion', 'English|Hindi|Malayalam|Marathi', '+91|India', 'memberphotos/img26_1Bensycharly.jpg', 'memberphotos/photo226_1Bensycharly.jpg', 'memberphotos/photo326_2Bensycharly.jpg', NULL, NULL, NULL),
(27, 27, NULL, NULL, NULL, NULL, NULL, NULL, NULL, NULL, NULL, NULL, NULL, NULL, NULL, NULL, NULL, NULL, NULL, NULL, 0, 0, NULL, NULL, NULL, NULL, NULL, NULL, NULL, NULL, NULL, NULL, NULL, NULL, NULL, NULL, 0, NULL, NULL, NULL, NULL, NULL, NULL, NULL, NULL, NULL, NULL, NULL, 0, NULL, NULL, NULL, NULL, NULL, NULL, NULL, NULL, NULL, NULL, NULL, NULL, NULL, NULL, NULL, NULL),
(28, 28, 'Self', 'Never Married', 'No', '5ft 2in - 157cm', 'Average', 'Fair', '', 'English', 'Christian:Roman Catholic', '', '', 'Liberal', 'Bachelors', 'Computers/ IT', 'Not working', 'Non-Veg', 'No', 'No', 11, 9, 'Citizen', 'mobile', '+91', '', '9764529817', 'Show', 'hi i am nikita lowe and i am a mechanical engineer                                                                        i like singing', 'A-', '', 'Rs.1,00,001 - 2,00,000', 'jenis', 'Friend', '3:00pm', 'Traditional', 3, '2', 'Employed', 'Homemaker', '0', '1', '', '1', '', NULL, NULL, NULL, 0, 'Acting|Astrology / Palmistry / Numerology|Collectibles|DIY(do it yourself) projects|Gardening / Landscaping|Ham radio|Model building|Photography', 'Driving|Hiking / Camping|Listening to music|Museums / Galleries / Exhibitions|Politics|Sports - Outdoor|Theatre|Volunteering / Social Service|Writing|Yoga / Meditation', 'Acid Rock / Hard Rock|Christian / Gospel / Blue Grass|Disco|Ghazals|Hip-Hop|Instrumental - Indian|Instrumental - Western|Latest film songs|R&B / Soul|Reggae|Soft Rock|Sufi music|Western Country Music', 'Business / Occupational|Classic literature|Comics|Humour|Philosophy / Spiritual|Science Fiction', 'Action / Suspense|Comedy|Epics|Non-commercial / Art|Sci-Fi & Fantasy|Short films', 'Athletics|Basketball|Boxing / Wrestling|Card games|Chess|Gym workouts / Weight training|Jogging / Walking / Running|Polo|Rugby|Swimming / Water sports|Tennis|Weight training', 'Chinese|Fast food|Konkan|Mexican|North Indian|Seafood|Soul Food|South Indian', 'Casual - usually in jeans and T-shirts|Classic Western - typically western formal wear|Trendy - in line with the latest fashion', 'English|Hindi|Malayalam|Marathi', '+91|India', 'memberphotos/img28_1nikitalowe.jpg', 'memberphotos/photo228_1nikitalowe.jpg', 'memberphotos/photo328_2nikitalowe.jpg', NULL, NULL, NULL),
(29, 29, NULL, NULL, NULL, NULL, NULL, NULL, NULL, NULL, NULL, NULL, NULL, NULL, NULL, NULL, NULL, NULL, NULL, NULL, 0, 0, NULL, NULL, NULL, NULL, NULL, NULL, NULL, NULL, NULL, NULL, NULL, NULL, NULL, NULL, 0, NULL, NULL, NULL, NULL, NULL, NULL, NULL, NULL, NULL, NULL, NULL, 0, NULL, NULL, NULL, NULL, NULL, NULL, NULL, NULL, NULL, NULL, NULL, NULL, NULL, NULL, NULL, NULL),
(30, 30, NULL, NULL, NULL, NULL, NULL, NULL, NULL, NULL, NULL, NULL, NULL, NULL, NULL, NULL, NULL, NULL, NULL, NULL, 0, 0, NULL, NULL, NULL, NULL, NULL, NULL, NULL, NULL, NULL, NULL, NULL, NULL, NULL, NULL, 0, NULL, NULL, NULL, NULL, NULL, NULL, NULL, NULL, NULL, NULL, NULL, 0, NULL, NULL, NULL, NULL, NULL, NULL, NULL, NULL, NULL, NULL, 'memberphotos/img30_1IMG_20150618_132900.jpg', 'memberphotos/photo230_1IMG_20150618_132900.jpg', 'memberphotos/photo330_2IMG_20150618_132900.jpg', NULL, NULL, NULL),
(31, 31, NULL, NULL, NULL, NULL, NULL, NULL, NULL, NULL, NULL, NULL, NULL, NULL, NULL, NULL, NULL, NULL, NULL, NULL, 0, 0, NULL, NULL, NULL, NULL, NULL, NULL, NULL, NULL, NULL, NULL, NULL, NULL, NULL, NULL, 0, NULL, NULL, NULL, NULL, NULL, NULL, NULL, NULL, NULL, NULL, NULL, 0, NULL, NULL, NULL, NULL, NULL, NULL, NULL, NULL, NULL, NULL, NULL, NULL, NULL, NULL, NULL, NULL),
(32, 32, NULL, NULL, NULL, NULL, NULL, NULL, NULL, NULL, NULL, NULL, NULL, NULL, NULL, NULL, NULL, NULL, NULL, NULL, 0, 0, NULL, NULL, NULL, NULL, NULL, NULL, NULL, NULL, NULL, NULL, NULL, NULL, NULL, NULL, 0, NULL, NULL, NULL, NULL, NULL, NULL, NULL, NULL, NULL, NULL, NULL, 0, NULL, NULL, NULL, NULL, NULL, NULL, NULL, NULL, NULL, NULL, NULL, NULL, NULL, NULL, NULL, NULL),
(33, 33, 'Friend', 'Never Married', 'No', '5ft 7in - 170cm', 'Athletic', 'Fair', '', 'English', 'Christian:Roman Catholic', '', '', 'Traditional', 'Bachelors', 'Computers/ IT', 'Not working', 'Occasionally Non-Veg', 'No', 'No', 21, 34, 'Citizen', 'mobile', '+91', '', '9674598721', 'Show', 'hi i am alveena and i am doing my computer engineering                                                                               i like dancing', 'B-', '', 'Rs.4,00,001 - 5,00,000', 'aaron', 'Friend', '2:00pm', 'Moderate', 1, '1', 'Employed', 'Employed', '0', '0', '', '', '', NULL, NULL, NULL, 0, 'Acting|Art / Handicraft|Astronomy|Collectibles|DIY(do it yourself) projects|Gardening / Landscaping|Model building|Photography|Singing', 'Clubbing|Health & Fitness|Learning new languages|Listening to music|Nature|Politics|Religion|Trekking / Adventure sports|Wine tasting|Writing', 'Not too keen on music', 'Will tell you later', 'Action / Suspense|Classics|Epics|Horror|Sci-Fi & Fantasy', 'Badminton|Baseball|Bowling|Chess|Hockey|Horseback Riding|Swimming / Water sports|Tennis|Volleyball|Winter / Rink sports', '', 'Business casual - semi-formal office wear|Casual - usually in jeans and T-shirts|Designer - only leading brands will do', 'English|Hindi|Malayalam|Marathi', '+91|India', 'memberphotos/img33_1Alveena_Joseph.jpg', 'memberphotos/photo233_1Alveena_Joseph.jpg', 'memberphotos/photo333_2Alveena_Joseph.jpg', NULL, NULL, NULL),
(34, 34, 'Self', 'Never Married', 'No', '5ft 11in - 180cm', 'Average', 'Wheatish Medium', '', 'Malayalam', 'Christian:CSI', '', '', 'Moderate', 'Bachelors', 'Engineering/ Technology', 'Not working', 'Non-Veg', 'No', 'Yes', 21, 34, 'Citizen', 'mobile', '+91', '', '9769400583', 'None', 'Likes to learn more things, anime, tv series, fitness freak, foodie,Corgi and and Ge\r\nShepherd lover :D', 'O+', '', 'Rs.3,00,001 - 4,00,000', 'alveena', 'Friend', '9:00am', 'Liberal', 1, '2', 'Employed', 'Homemaker', '0', '1', '', '1', '', NULL, NULL, NULL, 0, 'Acting|Art / Handicraft|Astronomy|Cooking|DIY(do it yourself) projects|Fishing|Ham radio|Hunting|Painting / Drawing|Singing', 'Bikes / Cars|Clubbing|Health & Fitness|Learning new languages|Nature|Politics|Shopping|Technology|Volunteering / Social Service|Wine tasting', 'Alternative Music|Classical - Hindustani|Classical ? Opera|Instrumental - Indian|Instrumental - Western|Latest film songs|Pop|Reggae|Western Country Music', 'Business / Occupational|Classic literature|Comics|History|Magazines & Newspapers|Philosophy / Spiritual|Science Fiction|Short stories', 'Classics|Comedy|Documentaries|Drama|Horror|Sci-Fi & Fantasy|World cinema', 'Athletics|Basketball|Boxing / Wrestling|Chess|Golf|Hockey|Jogging / Walking / Running|Motor Racing|Rugby|Scuba Diving|Skating / Snowboarding / Skiing|Swimming / Water sports|Volleyball|Winter / Rink sports', 'Bengali|Continental|Gujarati|Mexican|Moghlai|Persian|Sindhi|Soul Food|Spanish', 'Business casual - semi-formal office wear|Classic Western - typically western formal wear|Trendy - in line with the latest fashion', 'English|Hindi|Marathi', '+91|India', 'memberphotos/img34_1Aaro.jpg', 'memberphotos/photo234_1Aaro.jpg', 'memberphotos/photo334_2Aaro.jpg', NULL, NULL, NULL),
(35, 35, NULL, NULL, NULL, NULL, NULL, NULL, NULL, NULL, NULL, NULL, NULL, NULL, NULL, NULL, NULL, NULL, NULL, NULL, 0, 0, NULL, NULL, NULL, NULL, NULL, NULL, NULL, NULL, NULL, NULL, NULL, NULL, NULL, NULL, 0, NULL, NULL, NULL, NULL, NULL, NULL, NULL, NULL, NULL, NULL, NULL, 0, NULL, NULL, NULL, NULL, NULL, NULL, NULL, NULL, NULL, NULL, NULL, NULL, NULL, NULL, NULL, NULL),
(36, 36, 'Friend', 'Never Married', 'No', '5ft 1in - 154cm', 'Average', 'Fair', '', 'English', 'Christian:Protestant', '', '', 'Moderate', 'Bachelors', 'Computers/ IT', 'Not working', 'Non-Veg', 'No', 'No', 18, 2, 'Permanent Resident', 'mobile', '+91', '', '9345452674', 'Show', 'hi i am shalina and i am an IT engineer                                                                                                                 i like reading', 'O+', '', 'Rs.1,00,001 - 2,00,000', 'sheetal', 'Friend', '12:00pm', 'Traditional', 11, '1', 'Business', 'Employed', '0', '0', '', '', '', NULL, NULL, NULL, 0, 'Astrology / Palmistry / Numerology|Fishing|Ham radio|Hunting|Painting / Drawing|Playing musical instruments', 'Bikes / Cars|Learning new languages|Mehendi Designing|Pets|Reading / Book clubs|Sports - Indoor|Technology|Travel / Sightseeing|Trekking / Adventure sports|Volunteering / Social Service|Watching television|Wine tasting', 'Christian / Gospel / Blue Grass|Country Music|Disco|Ghazals|House Music|Indipop|Instrumental - Western|Latest film songs|Qawalis|Reggae|Remixes|Western Country Music', 'Biographies|History|Magazines & Newspapers|Philosophy / Spiritual|Romance|Self-help|Short stories', 'Action / Suspense|Comedy|Drama|Epics|Non-commercial / Art|Sci-Fi & Fantasy|Short films|World cinema', 'Badminton|Bowling|Card games|Carrom|Chess|Gym workouts / Weight training|Hockey|Martial Arts|Motor Racing|Rugby|Squash|Table-tennis|Volleyball|Weight training', 'Arabic|Fast food|Konkan|Mexican|North Indian|Seafood|Soul Food|South Indian', 'Business casual - semi-formal office wear|Classic Western - typically western formal wear|Trendy - in line with the latest fashion', 'English|Hindi|Marathi', '+91|India', 'memberphotos/img36_1shalina_rodrigues.jpg', 'memberphotos/photo236_1shalina_rodrigues.jpg', 'memberphotos/photo336_2shalina_rodrigues.jpg', NULL, NULL, NULL),
(37, 37, 'Friend', 'Never Married', 'No', '5ft 7in - 170cm', 'Heavy', 'Wheatish Medium', '', 'English', 'Christian:Roman Catholic', '', '', 'Moderate', 'Bachelors', 'Computers/ IT', 'Not working', 'Non-Veg', 'No', 'No', 21, 34, 'Citizen', 'mobile', '+91', '', '9467834517', 'Show', 'hi my name is shimon and i am doing my bachelors in computer engineering, i like playing the casio and singing', 'B+', '', 'Rs.4,00,001 - 5,00,000', 'kane', 'Friend', '3:00pm', 'Moderate', 1, '1', 'Employed', 'Homemaker', '0', '0', '', '', 'nice and decent family', NULL, NULL, NULL, 0, 'Art / Handicraft|DIY(do it yourself) projects|Gardening / Landscaping|Home / Interior decoration|Photography|Playing musical instruments|Singing', 'Eating out|Health & Fitness|Listening to music|Net surfing|Pets|Shopping|Sports - Indoor|Trekking / Adventure sports|Volunteering / Social Service', 'Blues|Classical ? Opera|Classical - Western|Country Music|Hip-Hop|Latest film songs|R&B / Soul|Rap|Reggae|Soft Rock|Western Country Music', 'Classic literature|Comics|Poetry|Science Fiction|Self-help', 'Comedy|Epics|Non-commercial / Art|Romantic|World cinema', 'Badminton|Card games|Carrom|Golf|Scrabble|Scuba Diving|Swimming / Water sports|Table-tennis|Tennis|Yoga / Meditation', 'American|Chinese|Italian|Mexican|Seafood|South Indian', 'Business casual - semi-formal office wear|Classic Western - typically western formal wear|Trendy - in line with the latest fashion', 'English|Hindi|Marathi', '+91|India', 'memberphotos/img37_1Shimster.jpg', 'memberphotos/photo237_1Shimster.jpg', 'memberphotos/photo337_2Shimster.jpg', NULL, NULL, NULL),
(38, 38, NULL, NULL, NULL, NULL, NULL, NULL, NULL, NULL, NULL, NULL, NULL, NULL, NULL, NULL, NULL, NULL, NULL, NULL, 0, 0, NULL, NULL, NULL, NULL, NULL, NULL, NULL, NULL, NULL, NULL, NULL, NULL, NULL, NULL, 0, NULL, NULL, NULL, NULL, NULL, NULL, NULL, NULL, NULL, NULL, NULL, 0, NULL, NULL, NULL, NULL, NULL, NULL, NULL, NULL, NULL, NULL, NULL, NULL, NULL, NULL, NULL, NULL),
(39, 39, 'Friend', 'Never Married', 'No', '5ft 2in - 157cm', 'Average', 'Very Fair', '', 'Marathi', 'Hindu:Brahmin - Maharashtrian', '', '', 'Moderate', 'Undergraduate', 'Engineering/ Technology', 'Student', 'Occasionally Non-Veg', 'No', 'No', 21, 34, 'Citizen', 'mobile', '+91', '', '9898989898', 'Show', 'Hi, I am Aboli Patil and have studied in FCRIT (EXTC). Currently I am looking for a job. Apart from this I love being myself.', 'Don''t Know', '', 'Rs.4,00,001 - 5,00,000', 'Patil', 'Parent', 'after 6:00pm', 'Moderate', 1, '1', 'Business', 'Homemaker', '1', '0', '0', '', '', NULL, NULL, NULL, 0, NULL, NULL, NULL, NULL, NULL, NULL, NULL, NULL, NULL, '+91|India', 'memberphotos/img39_1a.jpg', 'memberphotos/photo239_1a.jpg', 'memberphotos/photo339_2a.jpg', NULL, NULL, NULL),
(40, 40, 'Self', 'Never Married', 'No', '5ft 10in - 177cm', 'Average', 'Wheatish', '', 'English', 'Hindu:Leva Patil', '', '', 'Traditional', 'Undergraduate', 'Computers/ IT', 'Business Person', 'Eggetarian', 'No', 'No', 21, 34, 'Citizen', 'mobile', '+91', '', '9898989898', 'None', '........................................................................................................', 'O+', '', 'Under Rs.50,000', 'Aniket', 'Self', 'anytime', 'Moderate', 1, '1', 'Employed', 'Homemaker', '0', '1', '', '0', 'My family consists of me, my mom and dad and my younger sister.', '', '', '', 34, 'Art / Handicraft|Collectibles|Photography|Solving Crosswords, Puzzles', 'Bikes / Cars|Driving|Eating out|Listening to music|Movies|Net surfing|Politics|Travel / Sightseeing|Trekking / Adventure sports', 'Acid Rock / Hard Rock|Jazz|Pop|R&B / Soul|Soft Rock', 'Comics|Philosophy / Spiritual|Science Fiction', 'Action / Suspense|Comedy|Documentaries|Sci-Fi & Fantasy', 'Badminton|Chess|Cricket|Cycling|Scuba Diving|Trekking / Adventure sports', 'Fast food|Punjabi|South Indian', 'Casual - usually in jeans and T-shirts|Designer - only leading brands will do|Trendy - in line with the latest fashion', 'English|Hindi|Kannada|Marathi', '+91|India', 'memberphotos/img40_1zero.jpg', 'memberphotos/photo240_1zero.jpg', 'memberphotos/photo340_2zero.jpg', '', '', ''),
(41, 41, NULL, NULL, NULL, NULL, NULL, NULL, NULL, NULL, NULL, NULL, NULL, NULL, NULL, NULL, NULL, NULL, NULL, NULL, 0, 0, NULL, NULL, NULL, NULL, NULL, NULL, NULL, NULL, NULL, NULL, NULL, NULL, NULL, NULL, 0, NULL, NULL, NULL, NULL, NULL, NULL, NULL, NULL, NULL, NULL, NULL, 0, NULL, NULL, NULL, NULL, NULL, NULL, NULL, NULL, NULL, NULL, 'memberphotos/img41_1Aashish.jpg', 'memberphotos/photo241_1Aashish.jpg', 'memberphotos/photo341_2Aashish.jpg', NULL, NULL, NULL),
(42, 42, 'Self', 'Never Married', 'No', '5ft 4in - 162cm', 'Slim', 'Wheatish', '', 'Marathi', 'Hindu:Maharashtrian', '', '', 'Traditional', 'Undergraduate', 'Computers/ IT', 'Not working', 'Occasionally Non-Veg', 'No', 'Yes', 21, 34, 'Citizen', 'mobile', '+91', '', '7303197616', 'Show', 'matured,loving,straight forward,sportive(passionate for football)    i just love hanging out with friends, foodyyy', NULL, NULL, NULL, NULL, NULL, NULL, NULL, 0, NULL, NULL, NULL, NULL, NULL, NULL, NULL, NULL, NULL, NULL, NULL, 0, 'Acting|Cooking', 'Clubbing|Driving|Eating out|Listening to music|Mehendi Designing|Movies|Nature|Pets|Shopping|Sports - Outdoor|Trekking / Adventure sports', '', '', 'Comedy|Drama|Romantic', 'Athletics|Badminton|Cycling|Football / Soccer|Volleyball', 'Chinese|Continental|Fast food|Punjabi|South Indian', 'Casual - usually in jeans and T-shirts|Designer - only leading brands will do|Classic Western - typically western formal wear|Trendy - in line with the latest fashion', 'English|Gujarati|Hindi|Marathi', '+91|India', 'memberphotos/img42_1Mitu.jpg', 'memberphotos/photo242_1Mitu.jpg', 'memberphotos/photo342_2Mitu.jpg', NULL, NULL, NULL),
(43, 43, NULL, NULL, NULL, NULL, NULL, NULL, NULL, NULL, NULL, NULL, NULL, NULL, NULL, NULL, NULL, NULL, NULL, NULL, 0, 0, NULL, NULL, NULL, NULL, NULL, NULL, NULL, NULL, NULL, NULL, NULL, NULL, NULL, NULL, 0, NULL, NULL, NULL, NULL, NULL, NULL, NULL, NULL, NULL, NULL, NULL, 0, NULL, NULL, NULL, NULL, NULL, NULL, NULL, NULL, NULL, NULL, NULL, NULL, NULL, NULL, NULL, NULL),
(44, 44, NULL, NULL, NULL, NULL, NULL, NULL, NULL, NULL, NULL, NULL, NULL, NULL, NULL, NULL, NULL, NULL, NULL, NULL, 0, 0, NULL, NULL, NULL, NULL, NULL, NULL, NULL, NULL, NULL, NULL, NULL, NULL, NULL, NULL, 0, NULL, NULL, NULL, NULL, NULL, NULL, NULL, NULL, NULL, NULL, NULL, 0, NULL, NULL, NULL, NULL, NULL, NULL, NULL, NULL, NULL, NULL, NULL, NULL, NULL, NULL, NULL, NULL),
(45, 45, NULL, NULL, NULL, NULL, NULL, NULL, NULL, NULL, NULL, NULL, NULL, NULL, NULL, NULL, NULL, NULL, NULL, NULL, 0, 0, NULL, NULL, NULL, NULL, NULL, NULL, NULL, NULL, NULL, NULL, NULL, NULL, NULL, NULL, 0, NULL, NULL, NULL, NULL, NULL, NULL, NULL, NULL, NULL, NULL, NULL, 0, NULL, NULL, NULL, NULL, NULL, NULL, NULL, NULL, NULL, NULL, NULL, NULL, NULL, NULL, NULL, NULL),
(46, 46, NULL, NULL, NULL, NULL, NULL, NULL, NULL, NULL, NULL, NULL, NULL, NULL, NULL, NULL, NULL, NULL, NULL, NULL, 0, 0, NULL, NULL, NULL, NULL, NULL, NULL, NULL, NULL, NULL, NULL, NULL, NULL, NULL, NULL, 0, NULL, NULL, NULL, NULL, NULL, NULL, NULL, NULL, NULL, NULL, NULL, 0, NULL, NULL, NULL, NULL, NULL, NULL, NULL, NULL, NULL, NULL, NULL, NULL, NULL, NULL, NULL, NULL),
(47, 47, NULL, NULL, NULL, NULL, NULL, NULL, NULL, NULL, NULL, NULL, NULL, NULL, NULL, NULL, NULL, NULL, NULL, NULL, 0, 0, NULL, NULL, NULL, NULL, NULL, NULL, NULL, 'A+', '', 'Rs.10,00,001 and above', 'sean', 'Self', '5:00pm', 'Liberal', 1, '1', 'Employed', 'Homemaker', '1', '0', '0', '', '', NULL, NULL, NULL, 0, 'Acting|Animal breeding|Astronomy|Bird watching|Dancing|Film-making|Graphology|Hunting|Painting / Drawing|Solving Crosswords, Puzzles', 'Bikes / Cars|Eating out|Listening to music|Nature|Pets|Religion|Theatre|Trekking / Adventure sports|Wine tasting', 'Bhajans / Devotional|Blues|Classical - Carnatic|Heavy Metal|Indipop|Jazz|New Age Music|Pop|Reggae|Soft Rock|Techno / Trance', 'Biographies|Business / Occupational|Fantasy|Humour|Poetry|Science Fiction|Short stories', 'Classics|Comedy|Drama|Horror|Sci-Fi & Fantasy|Short films', 'Badminton|Baseball|Billiards / Snooker / Pool|Card games|Carrom|Golf|Hockey|Martial Arts|Motor Racing|Rugby|Skating / Snowboarding / Skiing|Swimming / Water sports|Trekking / Adventure sports|Weight training', 'American|Chinese|Fast food|Lebanese|North Indian|Punjabi|Sindhi|South Indian|Spanish', 'Business casual - semi-formal office wear|Casual - usually in jeans and T-shirts', 'English|Hindi|Marathi', NULL, 'memberphotos/img47_1diechloride.jpg', 'memberphotos/photo247_1diechloride.jpg', 'memberphotos/photo347_2diechloride.jpg', NULL, NULL, NULL),
(48, 48, NULL, NULL, NULL, NULL, NULL, NULL, NULL, NULL, NULL, NULL, NULL, NULL, NULL, NULL, NULL, NULL, NULL, NULL, 0, 0, NULL, NULL, NULL, NULL, NULL, NULL, NULL, NULL, NULL, NULL, NULL, NULL, NULL, NULL, 0, NULL, NULL, NULL, NULL, NULL, NULL, NULL, NULL, NULL, NULL, NULL, 0, NULL, NULL, NULL, NULL, NULL, NULL, NULL, NULL, NULL, NULL, 'memberphotos/img48_1Maso.jpg', 'memberphotos/photo248_1Maso.jpg', 'memberphotos/photo348_2Maso.jpg', NULL, NULL, NULL),
(49, 49, NULL, NULL, NULL, NULL, NULL, NULL, NULL, NULL, NULL, NULL, NULL, NULL, NULL, NULL, NULL, NULL, NULL, NULL, 0, 0, NULL, NULL, NULL, NULL, NULL, NULL, NULL, '', '', '', 'abhinav', 'Friend', '6:00pm', 'Liberal', 2, '2', 'Employed', 'Homemaker', '2+', '1', '2+', '1', '', NULL, NULL, NULL, 0, 'Acting|Bird watching|Collectibles|Graphology|Ham radio|Hunting|Painting / Drawing|Playing musical instruments', 'Bikes / Cars|Blogging|Health & Fitness|Hiking / Camping|Listening to music|Museums / Galleries / Exhibitions|Pets|Reading / Book clubs|Technology|Trekking / Adventure sports|Volunteering / Social Service|Wine tasting', 'Alternative Music|Classical - Carnatic|Classical ? Opera|Hip-Hop|Indipop|Latest film songs|R&B / Soul|Reggae|Techno / Trance|Western Country Music', 'Biographies|Classic literature|Fantasy|Magazines & Newspapers|Science Fiction|Short stories', 'Classics|Comedy|Epics|Horror|Sci-Fi & Fantasy', 'Aerobics|Basketball|Boxing / Wrestling|Cricket|Jogging / Walking / Running|Rugby|Sailing / Boating / Rowing|Skating / Snowboarding / Skiing|Table-tennis|Trekking / Adventure sports|Winter / Rink sports|Yoga / Meditation', 'Chinese|Italian|Mexican|Persian|Sindhi', 'Business casual - semi-formal office wear|Designer - only leading brands will do|Trendy - in line with the latest fashion', 'English|Hindi|Marathi', NULL, 'memberphotos/img49_1Already_engaged.jpg', 'memberphotos/photo249_1Already_engaged.jpg', 'memberphotos/photo349_2Already_engaged.jpg', NULL, NULL, NULL),
(50, 50, 'Self', 'Never Married', 'No', '5ft 5in - 165cm', 'Athletic', 'Dark', '', 'Marathi', 'Hindu:Bahi', '', '', 'Traditional', 'Bachelors', 'Computers/ IT', 'Not working', 'Non-Veg', 'Yes', 'No', 21, 34, 'Citizen', 'mobile', '+91', '', '9834526711', 'Show', 'hi i am vishnu                                                                                                                                                                   i like singing', 'A-', '', 'Rs.5,00,001 - 10,00,000', 'harshad', 'Friend', '1:00pm', 'Traditional', 2, '2', 'Employed', 'Homemaker', '0', '0', '', '', '', NULL, NULL, NULL, 0, 'Acting|Astronomy|Bird watching|DIY(do it yourself) projects|Gardening / Landscaping|Ham radio|Painting / Drawing|Playing musical instruments|Singing', 'Clubbing|Eating out|Learning new languages|Net surfing|Reading / Book clubs|Shopping|Theatre|Volunteering / Social Service|Wine tasting', 'Alternative Music|Bhangra|Classical - Carnatic|Classical ? Opera|Country Music|Ghazals|Indipop|Instrumental - Western|Pop|Rap|Reggae|Sufi music|Western Country Music', 'Biographies|Business / Occupational|Comics|History|Magazines & Newspapers|Romance|Short stories', 'Action / Suspense|Documentaries|Drama|Horror|Sci-Fi & Fantasy', 'Aerobics|Basketball|Boxing / Wrestling|Chess|Gym workouts / Weight training|Jogging / Walking / Running|Polo|Rugby|Shooting|Swimming / Water sports|Tennis|Weight training|Yoga / Meditation', 'American|Bengali|Fast food|Japanese|Moghlai|Persian|Rajasthani|Sindhi|South Indian|Thai', 'Business casual - semi-formal office wear|Casual - usually in jeans and T-shirts|Trendy - in line with the latest fashion', 'Arabic|English|Hindi|Marathi', '+91|India', 'memberphotos/img50_1vishnam.jpg', 'memberphotos/photo250_1vishnam.jpg', 'memberphotos/photo350_2vishnam.jpg', NULL, NULL, NULL),
(51, 51, 'Self', 'Never Married', 'No', '4ft 9in - 144cm', 'Heavy', 'Wheatish Brown', '', 'English', 'Christian:Roman Catholic', '', '', 'Moderate', 'Bachelors', 'Computers/ IT', 'Not working', 'Non-Veg', 'No', 'Occasionally', 21, 34, 'Citizen', 'mobile', '+91', '', '9845368873', 'Show', 'hi i am allen henry                                                                                                              i like basketball', 'AB-', '', 'Rs.10,00,001 and above', 'darshil', 'Friend', '1:00pm', 'Traditional', 1, '1', 'Employed', 'Homemaker', '0', '0', '', '', 'amazing family', NULL, NULL, NULL, 0, 'Acting|Art / Handicraft|Film-making|Graphology|Painting / Drawing|Playing musical instruments|Singing', 'Bikes / Cars|Blogging|Hiking / Camping|Learning new languages|Listening to music|Nature|Pets|Shopping|Travel / Sightseeing|Volunteering / Social Service|Wine tasting', 'Bhajans / Devotional|Christian / Gospel / Blue Grass|Disco|Hip-Hop|Indipop|Instrumental - Indian|Jazz|Old film songs|Pop|Qawalis|Rap|Remixes|Sufi music', 'Will tell you later', 'Comedy|Drama|Horror|Romantic|Short films|World cinema', 'Baseball|Basketball|Horseback Riding|Polo|Rugby|Scrabble|Skating / Snowboarding / Skiing|Swimming / Water sports|Volleyball', 'American|Chinese|Continental|Fast food|Konkan|Rajasthani|Seafood|Soul Food|South Indian|Spanish', 'Casual - usually in jeans and T-shirts|Classic Indian - typically Indian formal wear|Classic Western - typically western formal wear|Trendy - in line with the latest fashion', 'English|Hindi|Marathi', '+91|India', NULL, NULL, NULL, NULL, NULL, NULL),
(52, 51, 'Self', 'Never Married', 'No', '4ft 9in - 144cm', 'Heavy', 'Wheatish Brown', '', 'English', 'Christian:Roman Catholic', '', '', 'Moderate', 'Bachelors', 'Computers/ IT', 'Not working', 'Non-Veg', 'No', 'Occasionally', 21, 34, 'Citizen', 'mobile', '+91', '', '9845368873', 'Show', 'hi i am allen henry                                                                                                              i like basketball', 'AB-', '', 'Rs.10,00,001 and above', 'darshil', 'Friend', '1:00pm', 'Traditional', 1, '1', 'Employed', 'Homemaker', '0', '0', '', '', 'amazing family', NULL, NULL, NULL, 0, 'Acting|Art / Handicraft|Film-making|Graphology|Painting / Drawing|Playing musical instruments|Singing', 'Bikes / Cars|Blogging|Hiking / Camping|Learning new languages|Listening to music|Nature|Pets|Shopping|Travel / Sightseeing|Volunteering / Social Service|Wine tasting', 'Bhajans / Devotional|Christian / Gospel / Blue Grass|Disco|Hip-Hop|Indipop|Instrumental - Indian|Jazz|Old film songs|Pop|Qawalis|Rap|Remixes|Sufi music', 'Will tell you later', 'Comedy|Drama|Horror|Romantic|Short films|World cinema', 'Baseball|Basketball|Horseback Riding|Polo|Rugby|Scrabble|Skating / Snowboarding / Skiing|Swimming / Water sports|Volleyball', 'American|Chinese|Continental|Fast food|Konkan|Rajasthani|Seafood|Soul Food|South Indian|Spanish', 'Casual - usually in jeans and T-shirts|Classic Indian - typically Indian formal wear|Classic Western - typically western formal wear|Trendy - in line with the latest fashion', 'English|Hindi|Marathi', '+91|India', NULL, NULL, NULL, NULL, NULL, NULL),
(67, 67, 'Other', 'Divorced', 'Yes. Living together', '6ft 5in - 195cm', 'Athletic', 'Very Fair', '', 'Arabic', 'Hindu:Brahmin', '', '', 'Liberal', 'Undergraduate', 'Armed Forces', 'Pilot', 'Non-Veg', 'No', 'No', 1, 4, 'Citizen', 'mobile', '+27', '', '8351543464', 'None', 'I am epic, you might be intimidated by my presence which is godly, I rock #AllDayNigga I am epic, you might be intimidated by my presence which is godly, I rock #AllDayNigga I am epic, you might be intimidated by my presence which is godly, I rock #AllDayNigga I am epic, you might be intimidated by my presence which is godly, I rock #AllDayNigga I am epic, you might be intimidated by my presence which is godly, I rock #AllDayNigga', NULL, NULL, NULL, NULL, NULL, NULL, NULL, 0, NULL, NULL, NULL, NULL, NULL, NULL, NULL, NULL, NULL, NULL, NULL, 0, NULL, NULL, NULL, NULL, NULL, NULL, NULL, NULL, NULL, '+27|South Africa', 'memberphotos/img67_1WIN_20150711_123928.JPG', 'memberphotos/photo267_1WIN_20150711_123928.JPG', 'memberphotos/photo367_2WIN_20150711_123928.JPG', NULL, NULL, NULL),
(54, 54, 'Self', 'Never Married', 'No', '5ft 2in - 157cm', 'Slim', 'Fair', '', 'Marwari', 'Hindu:Maheshwari', '', '', 'Traditional', 'Bachelors', 'Engineering/ Technology', 'Not working', 'Veg', 'No', 'No', 21, 34, 'Citizen', 'mobile', '+91', '', '9158733377', 'None', 'hi i am radhika                                                                                                      i love reading', 'B-', '', 'Rs.50,001 - 1,00,000', 'radhika malpani', 'Self', '10 am to 6 pm', 'Traditional', 1, '1', 'Business', 'Homemaker', '1', '0', '1', '', '', NULL, NULL, NULL, 0, 'Will tell you later', 'Eating out|Health & Fitness|Listening to music|Movies|Net surfing|Shopping|Sports - Outdoor|Travel / Sightseeing|Watching television', 'Enjoy most forms of music', 'Comics|Philosophy / Spiritual|Short stories', 'Action / Suspense|Comedy|Horror', 'Badminton|Carrom', 'Chinese|Italian|Rajasthani', 'Casual - usually in jeans and T-shirts', 'Hindi|Marwadi', '+91|India', 'memberphotos/img54_1radhika_malpani.jpg', 'memberphotos/photo254_1radhika_malpani.jpg', 'memberphotos/photo354_2radhika_malpani.jpg', NULL, NULL, NULL),
(55, 55, 'Self', 'Never Married', 'No', '5ft 1in - 154cm', 'Slim', 'Wheatish', '', 'Tamil', 'Christian:Nadar', '', '', 'Traditional', 'Undergraduate', 'Engineering/ Technology', 'Student', 'Non-Veg', 'No', 'No', 21, 34, 'Citizen', 'telephone', '+91', '022', '27825746', 'None', 'should be good tall and religious man. would not want to work after marriage\r\nhe should have a big joint family', 'B+', '', '', 'Daphne', 'Self', 'after 7Pm', 'Traditional', 1, '1', 'Employed', 'Employed', '0', '0', '', '', '', '16', '30', '02', 34, 'Acting|Astrology / Palmistry / Numerology|Bird watching|Collectibles|DIY(do it yourself) projects|Gardening / Landscaping|Graphology|Model building|Playing musical instruments|Solving Crosswords, Puzzles', 'Blogging|Learning new languages|Listening to music|Nature|Pets|Reading / Book clubs|Shopping|Trekking / Adventure sports|Volunteering / Social Service|Writing', 'Alternative Music|Christian / Gospel / Blue Grass|Classical ? Opera|Classical - Western|House Music|Jazz|Latin Music|R&B / Soul|Reggae|Soft Rock|Techno / Trance', 'Biographies|Comics|Humour|Philosophy / Spiritual|Self-help|Short stories', 'Classics|Epics|Horror|Romantic|Sci-Fi & Fantasy|Short films', 'Badminton|Boxing / Wrestling|Card games|Chess|Golf|Jogging / Walking / Running|Table-tennis|Tennis|Yoga / Meditation', 'Italian|Mexican|Punjabi|Seafood|Soul Food|South Indian|Spanish', 'Business casual - semi-formal office wear|Casual - usually in jeans and T-shirts', 'English|Hindi|Malayalam', '+91|India', 'memberphotos/img55_1daphne.jpg', 'memberphotos/photo255_1daphne.jpg', 'memberphotos/photo355_2daphne.jpg', '', '', '');
INSERT INTO `user_profile` (`ProfileID`, `UserID`, `CreatedBy`, `MaritalStatus`, `HaveChildren`, `Height`, `BodyType`, `Complexion`, `SpecialCases`, `MotherTongue`, `Caste`, `SubCaste`, `Manglik`, `FamilyValues`, `Education`, `EducationIn`, `Profession`, `Diet`, `Smoke`, `Drink`, `StateID`, `CityID`, `ResidencyStatus`, `PhoneStatus`, `CountryCode`, `AreaStdCode`, `PhoneNumber`, `DisplayContactStatus`, `AboutYourself`, `BloodGroup`, `Gotra`, `AnnualIncome`, `ContactPersonName`, `ContactPersonRelationship`, `ConvenientCallTime`, `PersonalValues`, `CountryOfBirth`, `GrewUpIn`, `Father`, `Mother`, `Brothers`, `Sisters`, `MarriedBrothers`, `MarriedSisters`, `AboutFamily`, `BirthHour`, `BirthMin`, `BirthSec`, `BirthCity`, `Hobbies`, `Interests`, `FavoriteMusic`, `FavoriteReads`, `PreferredMovies`, `Sports`, `FavoriteCuisine`, `PreferredDress`, `SpokenLanguages`, `CountryCode2`, `photo1`, `photo2`, `photo3`, `Rasi`, `Nakshatra`, `Astroprofile`) VALUES
(56, 56, NULL, NULL, NULL, NULL, NULL, NULL, NULL, NULL, NULL, NULL, NULL, NULL, NULL, NULL, NULL, NULL, NULL, NULL, 0, 0, NULL, NULL, NULL, NULL, NULL, NULL, NULL, 'A-', '', 'Rs.4,00,001 - 5,00,000', 'prerana', 'Self', '5:00pm', 'Moderate', 1, '1', 'Employed', 'Homemaker', '1', '0', '0', '', '', NULL, NULL, NULL, 0, 'Acting|Art / Handicraft|Astrology / Palmistry / Numerology|Bird watching|Fishing|Graphology|Painting / Drawing|Photography|Singing', 'Clubbing|Hiking / Camping|Learning new languages|Mehendi Designing|Museums / Galleries / Exhibitions|Politics|Reading / Book clubs|Travel / Sightseeing|Video / Computer games|Wine tasting', 'Alternative Music|Bhangra|Blues|Classical ? Opera|Ghazals|Indipop|Instrumental - Western|Latin Music|Old film songs|Rap|Remixes|Techno / Trance', 'Biographies|Comics|Humour|Romance|Self-help|Short stories', 'Action / Suspense|Comedy|Drama|Horror|Sci-Fi & Fantasy', 'Athletics|Badminton|Hockey|Squash|Table-tennis|Tennis', 'American|Bengali|Gujarati|North Indian|Punjabi|Sindhi|South Indian', 'Casual - usually in jeans and T-shirts|Trendy - in line with the latest fashion', 'English|Hindi|Marathi', NULL, 'memberphotos/img56_1prerana1.jpg', 'memberphotos/photo256_1prerana1.jpg', 'memberphotos/photo356_2prerana1.jpg', NULL, NULL, NULL),
(57, 57, 'Self', 'Never Married', 'No', '5ft 5in - 165cm', 'Athletic', 'Wheatish Brown', '', 'Marathi', 'Hindu:Ahom', '', '', 'Moderate', 'Bachelors', 'Engineering/ Technology', 'Not working', 'Veg', 'No', 'No', 21, 34, 'Citizen', 'mobile', '+91', '', '9673451976', 'Show', 'hi my name is sanket bohra and i am an engineer                                                         i like playing football', 'AB-', '', 'Rs.5,00,001 - 10,00,000', 'shardul', 'Friend', '2:00pm', 'Moderate', 1, '1', 'Employed', 'Homemaker', '1', '0', '1', '', '', NULL, NULL, NULL, 0, 'Acting|Astronomy|Collectibles|Film-making|Gardening / Landscaping|Ham radio|Painting / Drawing', 'Alternative healing|Bikes / Cars|Driving|Politics|Religion|Travel / Sightseeing|Volunteering / Social Service|Writing', 'Bhajans / Devotional|Christian / Gospel / Blue Grass|Classical ? Opera|House Music|Jazz|Pop|Remixes|Sufi music|Techno / Trance', 'Comics|History|Philosophy / Spiritual|Science Fiction', 'Action / Suspense|Comedy|Drama|Non-commercial / Art|Sci-Fi & Fantasy|World cinema', 'Athletics|Bowling|Card games|Chess|Jogging / Walking / Running|Polo|Sailing / Boating / Rowing|Skating / Snowboarding / Skiing|Swimming / Water sports|Trekking / Adventure sports|Weight training', 'Bengali|Chinese|Italian|Konkan|Mexican|South Indian|Spanish', 'Business casual - semi-formal office wear|Casual - usually in jeans and T-shirts|Designer - only leading brands will do|Trendy - in line with the latest fashion', 'English|Hindi|Marathi', '+91|India', 'memberphotos/img57_1sank.jpg', 'memberphotos/photo257_1sank.jpg', 'memberphotos/photo357_2sank.jpg', NULL, NULL, NULL),
(61, 61, 'Self', 'Never Married', 'No', '5ft 11in - 180cm', 'Slim', 'Wheatish Medium', '', 'English', 'Christian:Roman Catholic', '', '', 'Moderate', 'Bachelors', 'Computers/ IT', 'Not working', 'Non-Veg', 'No', 'Occasionally', 21, 34, 'Citizen', 'mobile', '+91', '', '9619301868', 'Show', 'hi my name is eldridge fernandes and i like playing basketball, i like playing the guitar and singing and dancing', 'B+', '', 'Rs.5,00,001 - 10,00,000', 'shane', 'Relative', '6:00pm', 'Moderate', 1, '1', 'Professional', 'Employed', '1', '0', '0', '', '', NULL, NULL, NULL, 0, 'Dancing|Photography|Playing musical instruments|Singing', 'Bikes / Cars|Driving|Listening to music|Sports - Indoor|Sports - Outdoor|Theatre|Video / Computer games|Watching television', 'Acid Rock / Hard Rock|Blues|Country Music|Disco|Heavy Metal|Hip-Hop|House Music|R&B / Soul|Rap|Soft Rock|Techno / Trance|World Music', 'Comics|Humour|Magazines & Newspapers|Short stories', 'Action / Suspense|Comedy|Horror|Romantic|Sci-Fi & Fantasy', 'Basketball|Card games|Carrom|Cycling|Football / Soccer|Motor Racing|Swimming / Water sports|Table-tennis|Tennis|Volleyball', 'American|Chinese|Italian|Punjabi|Seafood|South Indian', 'Business casual - semi-formal office wear|Classic Western - typically western formal wear|Trendy - in line with the latest fashion', 'English|Hindi', '+91|India', 'memberphotos/img61_1eldridge86.jpg', 'memberphotos/photo261_1eldridge86.jpg', 'memberphotos/photo361_2eldridge86.jpg', NULL, NULL, NULL),
(60, 60, 'Sibling', 'Never Married', 'No', '5ft 3in - 160cm', 'Average', 'Wheatish', '', 'Urdu', 'Muslim:Sunni', '', '', 'Traditional', 'Masters', 'Home Science', 'Banker', 'Non-Veg', 'No', 'No', 21, 34, 'Citizen', 'mobile', '+91', '', '9867413567', 'None', 'loves to read. play tennis and cooking. would like to work after marriage and wants a hardworking loyal husband', 'A-', '', 'Rs.4,00,001 - 5,00,000', 'Tanya', 'Sibling', 'anytime', 'Moderate', 1, '1', 'Retired', 'Employed', '1', '0', '0', '', '', '04', '07', '31', 34, NULL, NULL, NULL, NULL, NULL, NULL, NULL, NULL, NULL, '+91|India', 'memberphotos/img60_1919867413567.jpg', 'memberphotos/photo260_1919867413567.jpg', 'memberphotos/photo360_2919867413567.jpg', '', '', ''),
(62, 62, NULL, NULL, NULL, NULL, NULL, NULL, NULL, NULL, NULL, NULL, NULL, NULL, NULL, NULL, NULL, NULL, NULL, NULL, 0, 0, NULL, NULL, NULL, NULL, NULL, NULL, NULL, NULL, NULL, NULL, NULL, NULL, NULL, NULL, 0, NULL, NULL, NULL, NULL, NULL, NULL, NULL, NULL, NULL, NULL, NULL, 0, NULL, NULL, NULL, NULL, NULL, NULL, NULL, NULL, NULL, NULL, NULL, NULL, NULL, NULL, NULL, NULL),
(63, 63, NULL, NULL, NULL, NULL, NULL, NULL, NULL, NULL, NULL, NULL, NULL, NULL, NULL, NULL, NULL, NULL, NULL, NULL, 0, 0, NULL, NULL, NULL, NULL, NULL, NULL, NULL, NULL, NULL, NULL, NULL, NULL, NULL, NULL, 0, NULL, NULL, NULL, NULL, NULL, NULL, NULL, NULL, NULL, NULL, NULL, 0, NULL, NULL, NULL, NULL, NULL, NULL, NULL, NULL, NULL, NULL, NULL, NULL, NULL, NULL, NULL, NULL),
(64, 64, 'Parent / Guardian', 'Widowed', 'Yes. Living together', '4ft 9in - 144cm', 'Athletic', 'Dark', '', 'Awadhi', 'Hindu:6000 Niyogi', '', '', 'Moderate', 'Associates degree', 'Armed Forces', 'Actor', 'Eggetarian', 'Occasionally', 'No', 116, 194, 'Student Visa', 'mobile', '+91', '', '9999888888', 'None', 'Sdtghhhhbnjkiiiutreessfbnnkkihfsszzcvbbbnnnjjj\r\nbggdd jufdfb hutdd jutedh hhtdd hhtddv \r\njhyff hgrdfmhgt hyrdf', NULL, NULL, NULL, NULL, NULL, NULL, NULL, 0, NULL, NULL, NULL, NULL, NULL, NULL, NULL, NULL, NULL, NULL, NULL, 0, NULL, NULL, NULL, NULL, NULL, NULL, NULL, NULL, NULL, '+91|India', NULL, NULL, NULL, NULL, NULL, NULL),
(65, 65, NULL, NULL, NULL, NULL, NULL, NULL, NULL, NULL, NULL, NULL, NULL, NULL, NULL, NULL, NULL, NULL, NULL, NULL, 0, 0, NULL, NULL, NULL, NULL, NULL, NULL, NULL, NULL, NULL, NULL, NULL, NULL, NULL, NULL, 0, NULL, NULL, NULL, NULL, NULL, NULL, NULL, NULL, NULL, NULL, NULL, 0, NULL, NULL, NULL, NULL, NULL, NULL, NULL, NULL, NULL, NULL, NULL, NULL, NULL, NULL, NULL, NULL),
(66, 66, 'Self', 'Never Married', 'No', '5ft 11in - 180cm', 'Slim', 'Fair', '', 'Hindi', 'Hindu:Khandelwal', '', '', 'Moderate', 'Bachelors', 'Computers/ IT', 'Student', 'Veg', 'No', 'No', 21, 34, 'Citizen', 'mobile', '+91', '', '9619279162', 'None', 'qqqqqqqqqqqqqqqqqqqqqqqqqqqqqqqqqqqqqqqqqqqqqqqqqqqqqqqqqqqqqqqqqqqqqqqqqqqqqqqqqqqqqqqqqqqqqqqqqqqqqqqqqqqqqqqqqqqqqqqqqqqqqqqqqqqqqqqqqqqqqqqqqqqqqqqqqqqqqqqqqqqqqqqqqqqqqqqqqqqqqqqqqqqqqqqqqqqqqqqqqqqqqqqqqqqqqqqqqqqqqqqqqqqqqqqqqqqqqqqqqqqqqqqqqqqqqqqqqqqqqqqqqqqqqqqqqqqqqqqqqqqqqqqqqqqqqqqqqqqqqqqqqqqqqqqqqqqqqqqqqqqqqqqqqqqqqqqqqqqqqqqqqqqqqqqqqqqqqqqqqqqqqqqqqqqqqqqqqqqqqqqqqqqqqqqqqqqqqqqqqqqqqqqqqqqqqqqqqqqqqqqqqqqqqqqqqqq', NULL, NULL, NULL, NULL, NULL, NULL, NULL, 0, NULL, NULL, NULL, NULL, NULL, NULL, NULL, NULL, NULL, NULL, NULL, 0, NULL, NULL, NULL, NULL, NULL, NULL, NULL, NULL, NULL, '+91|India', NULL, NULL, NULL, NULL, NULL, NULL),
(68, 68, 'Self', 'Never Married', 'No', '5ft 6in - 167cm', 'Slim', 'Fair', '', 'Hindi', 'Hindu:Baniya', '', '', 'Moderate', 'Undergraduate', 'Computers/ IT', 'Not working', 'Occasionally Non-Veg', 'No', 'No', 21, 34, 'Citizen', 'mobile', '+91', '', '9898989898', 'None', '.....................................................................................................', NULL, NULL, NULL, NULL, NULL, NULL, NULL, 0, NULL, NULL, NULL, NULL, NULL, NULL, NULL, NULL, NULL, NULL, NULL, 0, NULL, NULL, NULL, NULL, NULL, NULL, NULL, NULL, NULL, '+91|India', 'memberphotos/img68_1pranit.jpg', 'memberphotos/photo268_1pranit.jpg', 'memberphotos/photo368_2pranit.jpg', NULL, NULL, NULL),
(74, 74, 'Self', 'Never Married', 'No', '5ft 5in - 165cm', 'Average', 'Wheatish Medium', '', 'Malayalam', 'Christian:Indian Orthodox', '', '', 'Moderate', 'Bachelors', 'Engineering/ Technology', 'Not working', 'Occasionally Non-Veg', 'No', 'No', 21, 34, 'Citizen', 'mobile', '+91', '', '9869062980', 'Show', 'fun loving+nerdy+book lover+sleep addict+food lover+romantics+dreamy+true libran+moderate openess to life approach....', 'B+', '', 'Under Rs.50,000', 'sneha', 'Self', 'before 10 am or after 7 pm', 'Moderate', 1, '|1', 'Employed', 'Employed', '0', '1', '', '1', '', NULL, NULL, NULL, 0, 'Art / Handicraft|Cooking|Dancing|Gardening / Landscaping|Singing', 'Eating out|Learning new languages|Listening to music|Movies|Nature|Reading / Book clubs|Religion|Stitching|Travel / Sightseeing|Watching television|Writing', 'Enjoy most forms of music', 'Love reading almost anything', 'Action / Suspense|Classics|Comedy|Drama|Romantic|Sci-Fi & Fantasy', 'Not a sportsperson', 'Anything edible is great!', 'Casual - usually in jeans and T-shirts', 'English|Hindi|Malayalam', '+91|India', NULL, NULL, NULL, NULL, NULL, NULL),
(75, 75, NULL, NULL, NULL, NULL, NULL, NULL, NULL, NULL, NULL, NULL, NULL, NULL, NULL, NULL, NULL, NULL, NULL, NULL, 0, 0, NULL, NULL, NULL, NULL, NULL, NULL, NULL, NULL, NULL, NULL, NULL, NULL, NULL, NULL, 0, NULL, NULL, NULL, NULL, NULL, NULL, NULL, NULL, NULL, NULL, NULL, 0, 'Acting', 'Net surfing|Pets', 'Alternative Music', 'Biographies', 'Epics|Romantic', 'Baseball', 'Japanese|Konkan', 'Classic Indian - typically Indian formal wear', 'Indonesian', NULL, NULL, NULL, NULL, NULL, NULL, NULL);

/*!40101 SET CHARACTER_SET_CLIENT=@OLD_CHARACTER_SET_CLIENT */;
/*!40101 SET CHARACTER_SET_RESULTS=@OLD_CHARACTER_SET_RESULTS */;
/*!40101 SET COLLATION_CONNECTION=@OLD_COLLATION_CONNECTION */;
